,nombre,ciudad,salario,fecha_publicacion,fecha_vencimiento,años_exp,numero_vacantes
0,Work from home semi senior java developer / ref. 0003e,Cartagena,Salario a convenir,2023-03-28,2023-04-27,3,1
1,Work from home junior/midlevel java developer / ref. 0003e,Cali,Salario a convenir,2023-03-28,2023-04-27,2,1
2,Work from home junior/midlevel java developer / ref. 0003e,Medellín,Salario a convenir,2023-03-28,2023-04-27,2,1
3,Work from home semi senior java developer / ref. 0003e,Cúcuta,Salario a convenir,2023-03-28,2023-04-27,3,1
4,Work from home senior java developer / ref. 0003e,Cartagena,Salario a convenir,2023-03-28,2023-04-27,5,1
5,Work from home java backend architect / ref. 0003e,Medellín,Salario a convenir,2023-03-28,2023-04-27,6,1
6,Work from home java backend architect / ref. 0003e,Barranquilla,Salario a convenir,2023-03-28,2023-04-27,6,1
7,Work from home senior java developer / ref. 0003e,Medellín,Salario a convenir,2023-03-28,2023-04-27,5,1
8,Work from home junior/midlevel java developer / ref. 0003e,Barranquilla,Salario a convenir,2023-03-28,2023-04-27,2,1
9,Work from home java backend architect / ref. 0003e,Cali,Salario a convenir,2023-03-28,2023-04-27,6,1
10,Work from home .net engineer / research + development / ref. 0001e (rd),Cúcuta,Salario a convenir,2023-03-28,2023-04-27,4,1
11,Work from home senior .net developer / r + d / ref. 0001e (rd),Medellín,Salario a convenir,2023-03-28,2023-04-27,5,1
12,Work from home junior/midlevel .net developer / r + d / ref. 0001e (rd),Cali,Salario a convenir,2023-03-28,2023-04-27,2,1
13,Work from home senior .net developer / r + d / ref. 0001e (rd),Cali,Salario a convenir,2023-03-28,2023-04-27,5,1
14,Work from home senior .net developer / r + d / ref. 0001e (rd),Barranquilla,Salario a convenir,2023-03-28,2023-04-27,5,1
15,Work from home senior .net developer / r + d / ref. 0001e (rd),Bogotá,Salario a convenir,2023-03-28,2023-04-27,5,1
16,Work from home junior/midlevel .net developer / r + d / ref. 0001e (rd),Cúcuta,Salario a convenir,2023-03-28,2023-04-27,2,1
17,Work from home delivery director / ref. 0338e,Cartagena,Salario a convenir,2023-03-28,2023-04-27,6,1
18,Work from home python developer / research + development / ref. 0071e (rd),Cali,Salario a convenir,2023-03-28,2023-04-27,4,1
19,Work from home agile coach / r+d / ref. 0073e (rd),Cali,Salario a convenir,2023-03-29,2023-04-28,5,1
20,Work from home scrum master / r+d / ref. 0073e (rd),Barranquilla,Salario a convenir,2023-03-29,2023-04-28,4,1
21,Work from home scrum master / r+d / ref. 0073e (rd),Medellín,Salario a convenir,2023-03-29,2023-04-28,4,1
22,Work from home client solutions manager / r+d / ref. 0049e (rd),Medellín,Salario a convenir,2023-03-29,2023-04-28,5,1
23,Work from home client solutions manager / r+d / ref. 0049e (rd),Cali,Salario a convenir,2023-03-29,2023-04-28,5,1
24,Work from home angular tech lead / ref. 0615e,Cali,Salario a convenir,2023-03-29,2023-04-28,7,1
25,Work from home qa manager / research + development / ref. 0027e (rd),Bogotá,Salario a convenir,2023-03-29,2023-04-28,4,1
26,Work from home qa manager / research + development / ref. 0027e (rd),Barranquilla,Salario a convenir,2023-03-29,2023-04-28,4,1
27,Work from home security engineer / ref. 0069e,Cartagena,Salario a convenir,2023-03-29,2023-04-28,5,1
28,Work from home qa analyst senior / ref. 0027e,Medellín,Salario a convenir,2023-03-29,2023-04-28,5,1
29,Work from home qa analyst senior / ref. 0027e,Bogotá,Salario a convenir,2023-03-29,2023-04-28,5,1
30,Work from home devops tech lead / ref. 0121e,Bogotá,Salario a convenir,2023-03-29,2023-04-28,7,1
31,Work from home qa engineer / ref. 0027e,Bogotá,Salario a convenir,2023-03-29,2023-04-28,5,1
32,Work from home devops tech lead / ref. 0121e,Barranquilla,Salario a convenir,2023-03-29,2023-04-28,7,1
33,Work from home php architect / ref. 0021e,Medellín,Salario a convenir,2023-03-29,2023-04-28,6,1
34,Work from home security engineer / ref. 0069e,Bogotá,Salario a convenir,2023-03-29,2023-04-28,5,1
35,Work from home php architect / ref. 0021e,Barranquilla,Salario a convenir,2023-03-29,2023-04-28,6,1
36,Work from home php tech lead / ref. 0021e,Barranquilla,Salario a convenir,2023-03-29,2023-04-28,7,1
37,Work from home security engineer / ref. 0069e,Cali,Salario a convenir,2023-03-29,2023-04-28,5,1
38,Work from home php tech lead / ref. 0021e,Bogotá,Salario a convenir,2023-03-29,2023-04-28,7,1
39,Work from home ruby on rails engineer / ref. 0494e,Medellín,Salario a convenir,2023-03-29,2023-04-28,5,1
40,Work from home ruby on rails architect / ref. 0026e,Barranquilla,Salario a convenir,2023-03-29,2023-04-28,6,1
41,Work from home oracle atg engineer / ref. 0892e,Barranquilla,Salario a convenir,2023-03-29,2023-04-28,5,1
42,Work from home talent data analytics / ref. 1028e,Medellín,Salario a convenir,2023-03-29,2023-04-28,3,1
43,Work from home oracle atg engineer / ref. 0892e,Bogotá,Salario a convenir,2023-03-29,2023-04-28,5,1
44,Work from home data analytics lead / ref. 1028e,Barranquilla,Salario a convenir,2023-03-29,2023-04-28,5,1
45,Work from home data analytics lead / ref. 1028e,Bogotá,Salario a convenir,2023-03-29,2023-04-28,5,1
46,Work from home erp / crm data analyst / ref. 1028e,Barranquilla,Salario a convenir,2023-03-29,2023-04-28,5,1
47,Work from home data analytics developer / ref. 1028e,Medellín,Salario a convenir,2023-03-29,2023-04-28,3,1
48,Work from home erp / crm data analyst / ref. 1028e,Bogotá,Salario a convenir,2023-03-29,2023-04-28,5,1
49,Work from home mobile nativescript developer senior / ref. 0446e,Bogotá,Salario a convenir,2023-03-29,2023-04-28,5,1
50,Work from home big data senior / ref. 0099e,Cartagena,Salario a convenir,2023-03-29,2023-04-28,5,1
51,Work from home big data engineer / ref. 0099e,Barranquilla,Salario a convenir,2023-03-29,2023-04-28,6,1
52,Work from home big data senior / ref. 0099e,Cali,Salario a convenir,2023-03-29,2023-04-28,5,1
53,Work from home big data tech lead / ref. 0099e,Cali,Salario a convenir,2023-03-29,2023-04-28,7,1
54,Work from home big data engineer / ref. 0099e,Cúcuta,Salario a convenir,2023-03-29,2023-04-28,6,1
55,Work from home big data engineer / ref. 0099e,Bogotá,Salario a convenir,2023-03-29,2023-04-28,6,1
56,Work from home big data tech lead / ref. 0099e,Bogotá,Salario a convenir,2023-03-29,2023-04-28,7,1
57,Work from home frontend engineer / ref. 0054e,Bogotá,Salario a convenir,2023-03-29,2023-04-28,5,1
58,Work from home python developer / ref. 0071e,Cartagena,Salario a convenir,2023-03-29,2023-04-28,5,1
59,Work from home java engineer / ref. 0003e,Cartagena,Salario a convenir,2023-03-29,2023-04-28,5,1
60,Work from home python engineer / ref. 0071e,Bogotá,Salario a convenir,2023-03-29,2023-04-28,5,1
61,Work from home java backend tech lead / ref. 0003e,Barranquilla,Salario a convenir,2023-03-29,2023-04-28,7,1
62,Work from home java backend tech lead / ref. 0003e,Cartagena,Salario a convenir,2023-03-29,2023-04-28,7,1
63,Work from home java backend tech lead / ref. 0003e,Cúcuta,Salario a convenir,2023-03-29,2023-04-28,7,1
64,Work from home java backend tech lead / ref. 0003e,Bucaramanga,Salario a convenir,2023-03-29,2023-04-28,7,1
65,Work from home java backend developer / ref. 0003e,Cali,Salario a convenir,2023-03-29,2023-04-28,4,1
66,Work from home java backend tech lead / ref. 0003e,Cali,Salario a convenir,2023-03-29,2023-04-28,7,1
67,Work from home python architect / ref. 0071e,Bucaramanga,Salario a convenir,2023-03-29,2023-04-28,6,1
68,Work from home java engineer / ref. 0003e,Bogotá,Salario a convenir,2023-03-29,2023-04-28,5,1
69,Work from home python tech lead / ref. 0071e,Cúcuta,Salario a convenir,2023-03-29,2023-04-28,7,1
70,Work from home python tech lead / ref. 0071e,Bogotá,Salario a convenir,2023-03-29,2023-04-28,7,1
71,Work from home qa automation engineer / ref. 0166e,Medellín,Salario a convenir,2023-03-29,2023-04-28,5,1
72,Work from home .net core engineer / ref. 0001e,Cúcuta,Salario a convenir,2023-03-29,2023-04-28,5,1
73,Work from home .net core developer / ref. 1001e,Bogotá,Salario a convenir,2023-03-29,2023-04-28,5,1
74,Work from home qa automation leader / ref. 0166e,Barranquilla,Salario a convenir,2023-03-29,2023-04-28,7,1
75,Work from home .net core developer / ref. 1001e,Barranquilla,Salario a convenir,2023-03-29,2023-04-28,5,1
76,Work from home qa automation senior / ref. 0166e,Barranquilla,Salario a convenir,2023-03-29,2023-04-28,5,1
77,Work from home .net core developer / ref. 1001e,Cúcuta,Salario a convenir,2023-03-29,2023-04-28,5,1
78,Work from home python tech lead / ref. 0071e,Bucaramanga,Salario a convenir,2023-03-29,2023-04-28,7,1
79,Work from home python engineer / ref. 0071e,Bucaramanga,Salario a convenir,2023-03-29,2023-04-28,5,1
80,Work from home python tech lead / ref. 0071e,Cartagena,Salario a convenir,2023-03-29,2023-04-28,7,1
81,Work from home java team lead / ref. 0003e,Cali,Salario a convenir,2023-03-29,2023-04-28,7,1
82,Work from home java backend developer / ref. 0003e,Bogotá,Salario a convenir,2023-03-29,2023-04-28,4,1
83,Work from home .net developer / ref. 0001e,Medellín,Salario a convenir,2023-03-29,2023-04-28,5,1
84,Work from home python architect / ref. 0071e,Barranquilla,Salario a convenir,2023-03-29,2023-04-28,6,1
85,Work from home java engineer / ref. 0003e,Cúcuta,Salario a convenir,2023-03-29,2023-04-28,5,1
86,Work from home .net developer / ref. 0001e,Bogotá,Salario a convenir,2023-03-29,2023-04-28,5,1
87,Work from home java engineer / ref. 0003e,Medellín,Salario a convenir,2023-03-29,2023-04-28,5,1
88,Work from home python engineer / ref. 0071e,Barranquilla,Salario a convenir,2023-03-29,2023-04-28,5,1
89,Work from home engineering manager / r+d / ref. 0049e (rd),Cali,Salario a convenir,2023-03-30,2023-04-29,5,1
90,Work from home engineering manager / r+d / ref. 0049e (rd),Barranquilla,Salario a convenir,2023-03-30,2023-04-29,5,1
91,Work from home agile specialist / r+d / ref. 0073e (rd),Barranquilla,Salario a convenir,2023-03-30,2023-04-29,4,1
92,Work from home senior scrum master / r+d / ref. 0073e (rd),Cali,Salario a convenir,2023-03-30,2023-04-29,5,1
93,Work from home senior scrum master / r+d / ref. 0073e (rd),Barranquilla,Salario a convenir,2023-03-30,2023-04-29,5,1
94,Work from home senior scrum master / r+d / ref. 0073e (rd),Bogotá,Salario a convenir,2023-03-30,2023-04-29,5,1
95,Work from home project manager / r+d / ref. 0049e (rd),Barranquilla,Salario a convenir,2023-03-30,2023-04-29,5,1
96,Work from home solutions manager / r+d / ref. 0049e (rd),Barranquilla,Salario a convenir,2023-03-30,2023-04-29,5,1
97,Work from home it staff lead / r+d / ref. 0049e (rd),Barranquilla,Salario a convenir,2023-03-30,2023-04-29,5,1
98,Work from home it staff lead / r+d / ref. 0049e (rd),Cali,Salario a convenir,2023-03-30,2023-04-29,5,1
99,Work from home it staff lead / r+d / ref. 0049e (rd),Medellín,Salario a convenir,2023-03-30,2023-04-29,5,1
100,Work from home senior analytics engineer / ref. 0339e (rd),Cali,Salario a convenir,2023-03-30,2023-04-29,7,1
101,Work from home senior analytics engineer / ref. 0339e (rd),Barranquilla,Salario a convenir,2023-03-30,2023-04-29,7,1
102,Work from home senior data analyst / ref. 1028e (rd),Medellín,Salario a convenir,2023-03-30,2023-04-29,5,1
103,Work from home senior data analyst / ref. 1028e (rd),Bogotá,Salario a convenir,2023-03-30,2023-04-29,5,1
104,Work from home product manager / ref. 0140e,Medellín,Salario a convenir,2023-03-29,2023-04-28,5,1
105,Work from home product manager / ref. 0140e,Cali,Salario a convenir,2023-03-29,2023-04-28,5,1
106,Work from home product manager / ref. 0140e,Bucaramanga,Salario a convenir,2023-03-29,2023-04-28,5,1
107,Work from home product manager / ref. 0140e,Cartagena,Salario a convenir,2023-03-29,2023-04-28,5,1
108,Work from home vp of product / ref. 0140e,Cúcuta,Salario a convenir,2023-03-29,2023-04-28,6,1
109,Work from home vp of product / ref. 0140e,Cartagena,Salario a convenir,2023-03-29,2023-04-28,6,1
110,Work from home vp of product / ref. 0140e,Medellín,Salario a convenir,2023-03-29,2023-04-28,6,1
111,Work from home react engineer / ref. 0169e,Cali,Salario a convenir,2023-03-28,2023-04-27,5,1
112,Work from home react engineer / ref. 0169e,Medellín,Salario a convenir,2023-03-28,2023-04-27,5,1
113,Work from home react engineer / ref. 0169e,Bogotá,Salario a convenir,2023-03-28,2023-04-27,5,1
114,Work from home node engineer / ref. 0111e,Cartagena,Salario a convenir,2023-03-28,2023-04-27,5,1
115,Work from home node engineer / ref. 0111e,Medellín,Salario a convenir,2023-03-28,2023-04-27,5,1
116,Work from home node engineer / ref. 0111e,Barranquilla,Salario a convenir,2023-03-28,2023-04-27,5,1
117,Work from home frontend architect / ref. 0054e,Cúcuta,Salario a convenir,2023-03-29,2023-04-28,6,1
118,Work from home frontend architect / ref. 0054e,Barranquilla,Salario a convenir,2023-03-29,2023-04-28,6,1
119,Work from home frontend tech lead / ref. 0054e,Cúcuta,Salario a convenir,2023-03-29,2023-04-28,7,1
120,Work from home frontend tech lead / ref. 0054e,Barranquilla,Salario a convenir,2023-03-29,2023-04-28,7,1
121,Work from home frontend tech lead / ref. 0054e,Bogotá,Salario a convenir,2023-03-29,2023-04-28,7,1
122,Work from home frontend tech lead / ref. 0054e,Cartagena,Salario a convenir,2023-03-29,2023-04-28,7,1
123,Work from home frontend developer / ref. 0054e,Cúcuta,Salario a convenir,2023-03-29,2023-04-28,5,1
124,Work from home android tech lead / ref. 0046e,Medellín,Salario a convenir,2023-03-29,2023-04-28,7,1
125,Work from home android engineer / ref. 0046e,Bogotá,Salario a convenir,2023-03-29,2023-04-28,6,1
126,Work from home android tech lead / ref. 0046e,Cúcuta,Salario a convenir,2023-03-29,2023-04-28,7,1
127,Work from home frontend developer / ref. 0054e,Bogotá,Salario a convenir,2023-03-29,2023-04-28,5,1
128,Work from home ux/ui engineer / ref. 0066e,Medellín,Salario a convenir,2023-03-29,2023-04-28,6,1
129,Work from home ux/ui engineer / ref. 0066e,Bogotá,Salario a convenir,2023-03-29,2023-04-28,6,1
130,Work from home engineering manager / ref. 0049e (dlvr),Cali,Salario a convenir,2023-03-29,2023-04-28,10,1
131,Work from home senior staff manager / ref. 0049e (dlvr),Barranquilla,Salario a convenir,2023-03-29,2023-04-28,5,1
132,Work from home software engineering director / ref. 0049e (dlvr),Medellín,Salario a convenir,2023-03-29,2023-04-28,6,1
133,Work from home software development people manager / ref. 0049e (dlvr),Bogotá,Salario a convenir,2023-03-29,2023-04-28,4,1
134,Work from home senior staff manager / ref. 0049e (dlvr),Medellín,Salario a convenir,2023-03-29,2023-04-28,5,1
135,Work from home software development people manager / ref. 0049e (dlvr),Cali,Salario a convenir,2023-03-29,2023-04-28,4,1
136,Work from home senior engineering manager / ref. 0049e (dlvr),Bogotá,Salario a convenir,2023-03-29,2023-04-28,5,1
137,Work from home director of engineering / ref. 0049e (dlvr),Cali,Salario a convenir,2023-03-29,2023-04-28,6,1
138,Work from home it engineering manager / ref. 0049e (dlvr),Cali,Salario a convenir,2023-03-29,2023-04-28,4,1
139,Work from home senior engineering manager / ref. 0049e (dlvr),Medellín,Salario a convenir,2023-03-29,2023-04-28,5,1
140,Work from home it engineering manager / ref. 0049e (dlvr),Barranquilla,Salario a convenir,2023-03-29,2023-04-28,4,1
141,Work from home it staff lead / ref. 0049e (dlvr),Cali,Salario a convenir,2023-03-29,2023-04-28,7,1
142,Work from home people manager / ref. 0049e (dlvr),Cali,Salario a convenir,2023-03-29,2023-04-28,4,1
143,Work from home lead engineer / ref. 0049e (dlvr),Medellín,Salario a convenir,2023-03-29,2023-04-28,7,1
144,Work from home technology projects manager / ref. 0049e (dlvr),Barranquilla,Salario a convenir,2023-03-29,2023-04-28,4,1
145,Work from home software engineering manager / ref. 0049e (dlvr),Barranquilla,Salario a convenir,2023-03-29,2023-04-28,4,1
146,Work from home head of engineering / ref. 0049e (dlvr),Barranquilla,Salario a convenir,2023-03-29,2023-04-28,8,1
147,Desarrollador aso/apx - lr,Remoto,0,2023-03-16,2023-04-15,2,1
148,Trabajo desde casa scrum master / ref. 0073s (dlvr),Cali,Salario a convenir,2023-03-30,2023-04-29,3,1
149,Trabajo desde casa scrum master / ref. 0073s (dlvr),Barranquilla,Salario a convenir,2023-03-30,2023-04-29,3,1
150,Work from home senior python backend developer / research + development / ref. 0071e (rd),Cúcuta,Salario a convenir,2023-03-28,2023-04-27,5,1
151,Work from home python backend engineer / r + d / ref. 0071e (rd),Barranquilla,Salario a convenir,2023-03-28,2023-04-27,4,1
152,Work from home junior python backend developer / research + development / ref. 0071e (rd),Cúcuta,Salario a convenir,2023-03-28,2023-04-27,1,1
153,Work from home junior python backend developer / research + development / ref. 0071e (rd),Cali,Salario a convenir,2023-03-28,2023-04-27,1,1
154,Work from home python architect / research + development / ref. 0071e (rd),Cali,Salario a convenir,2023-03-28,2023-04-27,6,1
155,Work from home react team lead / ref. 0169e,Barranquilla,Salario a convenir,2023-03-28,2023-04-27,7,1
156,Work from home senior software engineer (react) / ref. 0169e,Bogotá,Salario a convenir,2023-03-28,2023-04-27,5,1
157,Work from home react team lead / ref. 0169e,Cali,Salario a convenir,2023-03-28,2023-04-27,7,1
158,Work from home react team lead / ref. 0169e,Cartagena,Salario a convenir,2023-03-28,2023-04-27,7,1
159,Work from home senior react developer / ref. 0169e,Cartagena,Salario a convenir,2023-03-28,2023-04-27,5,1
160,Work from home senior react developer / ref. 0169e,Cali,Salario a convenir,2023-03-28,2023-04-27,5,1
161,Work from home react frontend architect / ref. 0169e,Cartagena,Salario a convenir,2023-03-28,2023-04-27,6,1
162,Work from home senior react developer / ref. 0169e,Cúcuta,Salario a convenir,2023-03-28,2023-04-27,5,1
163,Work from home react frontend developer / ref. 0169e,Cali,Salario a convenir,2023-03-28,2023-04-27,4,1
164,Work from home react frontend developer / ref. 0169e,Bogotá,Salario a convenir,2023-03-28,2023-04-27,4,1
165,Work from home react frontend architect / ref. 0169e,Cúcuta,Salario a convenir,2023-03-28,2023-04-27,6,1
166,Work from home react frontend architect / ref. 0169e,Barranquilla,Salario a convenir,2023-03-28,2023-04-27,6,1
167,Work from home react frontend tech lead / ref. 0169e,Bogotá,Salario a convenir,2023-03-28,2023-04-27,7,1
168,Work from home senior react developer / ref. 0169e,Medellín,Salario a convenir,2023-03-28,2023-04-27,5,1
169,Work from home semi senior react developer / ref. 0169e,Medellín,Salario a convenir,2023-03-28,2023-04-27,3,1
170,Work from home semi senior react developer / ref. 0169e,Barranquilla,Salario a convenir,2023-03-28,2023-04-27,3,1
171,Work from home junior/midlevel react developer / ref. 0169e,Cartagena,Salario a convenir,2023-03-28,2023-04-27,2,1
172,Work from home senior software engineer (node) / ref. 0111e,Cartagena,Salario a convenir,2023-03-28,2023-04-27,5,1
173,Work from home senior software engineer (node) / ref. 0111e,Medellín,Salario a convenir,2023-03-28,2023-04-27,5,1
174,Work from home senior software engineer (node) / ref. 0111e,Cali,Salario a convenir,2023-03-28,2023-04-27,5,1
175,Work from home node team lead / ref. 0111e,Cali,Salario a convenir,2023-03-28,2023-04-27,7,1
176,Work from home node backend tech lead / ref. 0111e,Bogotá,Salario a convenir,2023-03-28,2023-04-27,7,1
177,Work from home node backend tech lead / ref. 0111e,Cali,Salario a convenir,2023-03-28,2023-04-27,7,1
178,Work from home node backend architect / ref. 0111e,Barranquilla,Salario a convenir,2023-03-28,2023-04-27,6,1
179,Work from home node backend architect / ref. 0111e,Medellín,Salario a convenir,2023-03-28,2023-04-27,6,1
180,Work from home senior node developer / ref. 0111e,Cali,Salario a convenir,2023-03-28,2023-04-27,5,1
181,Work from home project engineering manager (it) / ref. 0049e (dlvr),Barranquilla,Salario a convenir,2023-03-31,2023-04-30,4,1
182,Desarrollador react con inglés avanzado - trabajo remoto y proyecto internacional,Cali,Salario a convenir,2023-03-16,2023-04-15,5,1
183,Work from home python backend tech lead / r + d / ref. 0071e (rd),Cali,Salario a convenir,2023-03-28,2023-04-27,7,1
184,Work from home python backend tech lead / r + d / ref. 0071e (rd),Cúcuta,Salario a convenir,2023-03-28,2023-04-27,7,1
185,Work from home python backend tech lead / r + d / ref. 0071e (rd),Barranquilla,Salario a convenir,2023-03-28,2023-04-27,7,1
186,Work from home android developer / ref. 0046e,Medellín,Salario a convenir,2023-03-29,2023-04-28,5,1
187,Work from home android developer / ref. 0046e,Cúcuta,Salario a convenir,2023-03-29,2023-04-28,5,1
188,Work from home android developer / ref. 0046e,Bogotá,Salario a convenir,2023-03-29,2023-04-28,5,1
189,Work from home android developer / ref. 0046e,Cartagena,Salario a convenir,2023-03-29,2023-04-28,5,1
190,Work from home ux/ui design manager / ref. 0066e,Cúcuta,Salario a convenir,2023-03-29,2023-04-28,7,1
191,Work from home ux/ui design manager / ref. 0066e,Bogotá,Salario a convenir,2023-03-29,2023-04-28,7,1
192,Work from home ux/ui design manager / ref. 0066e,Barranquilla,Salario a convenir,2023-03-29,2023-04-28,7,1
193,Work from home react native tech lead / ref. 0198e,Cartagena,Salario a convenir,2023-03-29,2023-04-28,7,1
194,Work from home react native tech lead / ref. 0198e,Medellín,Salario a convenir,2023-03-29,2023-04-28,7,1
195,Work from home business and data science analyst / ref. 1028e,Medellín,Salario a convenir,2023-03-29,2023-04-28,3,1
196,Work from home kafka developer / ref. 0297e,Bogotá,Salario a convenir,2023-03-29,2023-04-28,3,1
197,Work from home next.js developer / ref. 0697e,Bogotá,Salario a convenir,2023-03-29,2023-04-28,3,1
198,Work from home next.js developer / ref. 0697e,Barranquilla,Salario a convenir,2023-03-29,2023-04-28,3,1
199,Work from home next.js developer / ref. 0697e,Medellín,Salario a convenir,2023-03-29,2023-04-28,3,1
200,Work from home salesforce developer / ref. 0102e,Barranquilla,Salario a convenir,2023-03-29,2023-04-28,5,1
201,Work from home site reliability engineer / ref. 0966e,Cali,Salario a convenir,2023-03-29,2023-04-28,5,1
202,Work from home site reliability engineer / ref. 0966e,Medellín,Salario a convenir,2023-03-29,2023-04-28,5,1
203,Work from home node architect / ref. 0111e,Cartagena,Salario a convenir,2023-03-28,2023-04-27,6,1
204,Work from home ux research manager / ref. 0066e,Cali,Salario a convenir,2023-03-29,2023-04-28,7,1
205,Work from home ux research manager / ref. 0066e,Medellín,Salario a convenir,2023-03-29,2023-04-28,7,1
206,Work from home ux research manager / ref. 0066e,Barranquilla,Salario a convenir,2023-03-29,2023-04-28,7,1
207,Work from home business analyst / ref. 0031e,Cartagena,Salario a convenir,2023-03-29,2023-04-28,2,1
208,Work from home react native architect / ref. 0198e,Barranquilla,Salario a convenir,2023-03-29,2023-04-28,6,1
209,Full stack nodejs,Medellín,0,2023-04-04,2023-05-04,2,1
210,Ios developer - remote - colombia,Remoto,Salario a convenir,2023-04-03,2023-05-03,5,1
211,Trabajo desde casa gerente de ingeniería de software / ref. 0049s (dlvr),Bogotá,Salario a convenir,2023-03-29,2023-04-28,4,1
212,Data engineer,Bogotá,Salario a convenir,2023-03-22,2023-04-21,5,1
213,Sap abap developer proficient,Remoto,Salario a convenir,2023-04-05,2023-05-05,5,1
214,Desarrollador miniprogramas,Bogotá,Salario a convenir,2023-03-30,2023-04-29,2,1
215,Analista programador,Cali,Salario a convenir,2023-03-21,2023-04-15,2,1
216,Ingeniero de desarrollo master core,Remoto,0,2023-03-27,2023-04-26,3,1
217,Trabajo desde casa desarrollador react senior / ref. 0169s,Cali,Salario a convenir,2023-03-28,2023-04-27,5,1
218,Sap hcm,Remoto,Salario a convenir,2023-03-23,2023-04-22,2,1
219,Desarrollador .net senior,Remoto,Salario a convenir,2023-03-29,2023-04-28,3,1
220,Transformation process support,Floridablanca,Salario a convenir,2023-03-08,2023-04-07,1,1
221,Desarrollador de java,Remoto,Salario a convenir,2023-03-13,2023-04-12,3,1
222,Trabajo desde casa desarrollador node backend / ref. 0111s,Medellín,Salario a convenir,2023-03-28,2023-04-27,4,1
223,Trabajo desde casa desarrollador node backend / ref. 0111s,Cúcuta,Salario a convenir,2023-03-28,2023-04-27,4,1
224,Trabajo desde casa desarrollador node backend / ref. 0111s,Cartagena,Salario a convenir,2023-03-28,2023-04-27,4,1
225,Ingeniero de soporte (pereira),Pereira,Salario a convenir,2023-04-03,2023-05-03,1,1
226,Work from home .net + angular engineer / research + development / ref. 0001e (rd),Cali,Salario a convenir,2023-03-28,2023-04-27,4,1
227,Work from home .net + angular engineer / research + development / ref. 0001e (rd),Barranquilla,Salario a convenir,2023-03-28,2023-04-27,4,1
228,Work from home .net + angular engineer / research + development / ref. 0001e (rd),Bogotá,Salario a convenir,2023-03-28,2023-04-27,4,1
229,Work from home fullstack developer (.net + angular) / research + development / ref. 0001e (rd),Bogotá,Salario a convenir,2023-03-28,2023-04-27,4,1
230,Work from home fullstack developer (.net + angular) / research + development / ref. 0001e (rd),Medellín,Salario a convenir,2023-03-28,2023-04-27,4,1
231,Work from home fullstack developer (.net + angular) / research + development / ref. 0001e (rd),Barranquilla,Salario a convenir,2023-03-28,2023-04-27,4,1
232,Work from home .net architect / r + d / ref. 0001e (rd),Bogotá,Salario a convenir,2023-03-28,2023-04-27,6,1
233,Work from home .net architect / r + d / ref. 0001e (rd),Medellín,Salario a convenir,2023-03-28,2023-04-27,6,1
234,Work from home .net + angular tech lead / r + d / ref. 0001e (rd),Cúcuta,Salario a convenir,2023-03-28,2023-04-27,7,1
235,Work from home .net + angular tech lead / r + d / ref. 0001e (rd),Cali,Salario a convenir,2023-03-28,2023-04-27,7,1
236,Work from home .net + angular tech lead / r + d / ref. 0001e (rd),Medellín,Salario a convenir,2023-03-28,2023-04-27,7,1
237,Work from home .net + angular tech lead / r + d / ref. 0001e (rd),Cartagena,Salario a convenir,2023-03-28,2023-04-27,7,1
238,Work from home fullstack .net + angular tech lead / research + development / ref. 0001e (rd),Cúcuta,Salario a convenir,2023-03-28,2023-04-27,7,1
239,Work from home fullstack .net + angular tech lead / research + development / ref. 0001e (rd),Cartagena,Salario a convenir,2023-03-28,2023-04-27,7,1
240,Work from home fullstack .net + angular tech lead / research + development / ref. 0001e (rd),Medellín,Salario a convenir,2023-03-28,2023-04-27,7,1
241,Work from home fullstack .net + angular tech lead / research + development / ref. 0001e (rd),Bogotá,Salario a convenir,2023-03-28,2023-04-27,7,1
242,Ingeniero devops,Remoto,0,2023-03-15,2023-04-14,2,1
243,Ingeniero devops (powershell o bash),Remoto,0,2023-03-15,2023-04-14,2,1
244,Ingeniero devops,Remoto,0,2023-03-24,2023-04-23,1,1
245,Desarrollador backend node js 100% remoto,Bogotá,0,2023-03-08,2023-04-07,2,1
246,Analista programador java,Bogotá,0,2023-03-28,2023-04-27,5,1
247,Desarrollador/a full stack - web php y mysql,Remoto,Salario a convenir,2023-03-17,2023-04-16,3,1
248,Work from home .net architect / ref. 0001e,Bogotá,Salario a convenir,2023-03-29,2023-04-28,6,1
249,Work from home .net architect / ref. 0001e,Cartagena,Salario a convenir,2023-03-29,2023-04-28,6,1
250,Work from home .net architect / ref. 0001e,Barranquilla,Salario a convenir,2023-03-29,2023-04-28,6,1
251,Analista programador java,Bogotá,0,2023-03-17,2023-04-16,5,1
252,Work from home .net + angular architect / r + d / ref. 0001e (rd),Cúcuta,Salario a convenir,2023-03-28,2023-04-27,6,1
253,Work from home .net + angular architect / r + d / ref. 0001e (rd),Cartagena,Salario a convenir,2023-03-28,2023-04-27,6,1
254,Work from home .net + angular architect / r + d / ref. 0001e (rd),Medellín,Salario a convenir,2023-03-28,2023-04-27,6,1
255,Work from home senior software engineer / r + d (asp.net) / ref. 0001e (rd),Cali,Salario a convenir,2023-03-28,2023-04-27,5,1
256,Work from home asp.net developer / research + development / ref. 0640e (rd),Bogotá,Salario a convenir,2023-03-28,2023-04-27,4,1
257,Work from home asp.net developer / research + development / ref. 0640e (rd),Barranquilla,Salario a convenir,2023-03-28,2023-04-27,4,1
258,Work from home .net backend tech lead / research + development / ref. 0001e (rd),Cartagena,Salario a convenir,2023-03-28,2023-04-27,7,1
259,Work from home .net backend tech lead / research + development / ref. 0001e (rd),Bogotá,Salario a convenir,2023-03-28,2023-04-27,7,1
260,Work from home junior qa automation / research + development / ref. 0166e (rd),Barranquilla,Salario a convenir,2023-03-28,2023-04-27,2,1
261,Work from home junior qa automation / research + development / ref. 0166e (rd),Cali,Salario a convenir,2023-03-28,2023-04-27,2,1
262,Work from home junior qa automation / research + development / ref. 0166e (rd),Bogotá,Salario a convenir,2023-03-28,2023-04-27,2,1
263,Work from home qa automation leader / research + development / ref. 0166e (rd),Barranquilla,Salario a convenir,2023-03-28,2023-04-27,7,1
264,Work from home qa automation leader / research + development / ref. 0166e (rd),Medellín,Salario a convenir,2023-03-28,2023-04-27,7,1
265,Work from home fullstack .net + angular architect / research + development / ref. 0001e (rd),Bogotá,Salario a convenir,2023-03-28,2023-04-27,6,1
266,Work from home fullstack .net + angular architect / research + development / ref. 0001e (rd),Cartagena,Salario a convenir,2023-03-28,2023-04-27,6,1
267,Work from home fullstack .net + angular architect / research + development / ref. 0001e (rd),Medellín,Salario a convenir,2023-03-28,2023-04-27,6,1
268,Work from home fullstack .net + angular architect / research + development / ref. 0001e (rd),Cúcuta,Salario a convenir,2023-03-28,2023-04-27,6,1
269,Work from home fullstack .net developer / r + d / ref. 0001e (rd),Cúcuta,Salario a convenir,2023-03-28,2023-04-27,4,1
270,Work from home fullstack .net developer / r + d / ref. 0001e (rd),Cali,Salario a convenir,2023-03-28,2023-04-27,4,1
271,Work from home fullstack .net + angular / r + d / ref. 0001e (rd),Cali,Salario a convenir,2023-03-28,2023-04-27,4,1
272,Work from home fullstack .net + angular / r + d / ref. 0001e (rd),Bogotá,Salario a convenir,2023-03-28,2023-04-27,4,1
273,Work from home .net backend architect / research + development / ref. 0001e (rd),Cartagena,Salario a convenir,2023-03-28,2023-04-27,6,1
274,Work from home .net backend architect / research + development / ref. 0001e (rd),Medellín,Salario a convenir,2023-03-28,2023-04-27,6,1
275,Work from home asp.net engineer / r + d / ref. 0001e (rd),Barranquilla,Salario a convenir,2023-03-28,2023-04-27,4,1
276,Work from home .net backend developer / research + development / ref. 0001e (rd),Soledad,Salario a convenir,2023-03-28,2023-04-27,4,1
277,Work from home .net backend architect / research + development / ref. 0001e (rd),Cali,Salario a convenir,2023-03-28,2023-04-27,6,1
278,Work from home .net backend developer / research + development / ref. 0001e (rd),Medellín,Salario a convenir,2023-03-28,2023-04-27,4,1
279,Work from home asp.net engineer / r + d / ref. 0001e (rd),Cúcuta,Salario a convenir,2023-03-28,2023-04-27,4,1
280,Work from home asp.net engineer / r + d / ref. 0001e (rd),Cali,Salario a convenir,2023-03-28,2023-04-27,4,1
281,Work from home python backend developer / r + d / ref. 0071e (rd),Bogotá,Salario a convenir,2023-03-28,2023-04-27,4,1
282,Work from home python backend architect / r + d / ref. 0071e (rd),Barranquilla,Salario a convenir,2023-03-28,2023-04-27,6,1
283,Work from home python backend architect / r + d / ref. 0071e (rd),Cúcuta,Salario a convenir,2023-03-28,2023-04-27,6,1
284,Work from home python backend developer / r + d / ref. 0071e (rd),Cartagena,Salario a convenir,2023-03-28,2023-04-27,4,1
285,Work from home python tech lead / research + development / ref. 0071e (rd),Medellín,Salario a convenir,2023-03-28,2023-04-27,7,1
286,Work from home python tech lead / research + development / ref. 0071e (rd),Bogotá,Salario a convenir,2023-03-28,2023-04-27,7,1
287,Work from home qa automation engineer / r + d / ref. 0166e (rd),Bogotá,Salario a convenir,2023-03-29,2023-04-28,4,1
288,Work from home manual qa / r + d / ref. 0027e (rd),Barranquilla,Salario a convenir,2023-03-29,2023-04-28,3,1
289,Work from home qa automation senior / research + development / ref. 0166e (rd),Barranquilla,Salario a convenir,2023-03-29,2023-04-28,5,1
290,Work from home qa automation senior / research + development / ref. 0166e (rd),Bogotá,Salario a convenir,2023-03-29,2023-04-28,5,1
291,Work from home qa automation developer / r + d / ref. 0166e (rd),Bogotá,Salario a convenir,2023-03-29,2023-04-28,4,1
292,Work from home qa automation engineer / r + d / ref. 0166e (rd),Cali,Salario a convenir,2023-03-29,2023-04-28,4,1
293,Work from home product owner / ref. 0140e,Tunja,Salario a convenir,2023-03-29,2023-04-28,2,1
294,Work from home product owner / ref. 0140e,Bogotá,Salario a convenir,2023-03-29,2023-04-28,2,1
295,Work from home power bi / ref. 0221e,Medellín,Salario a convenir,2023-03-29,2023-04-28,3,1
296,Work from home product owner / ref. 0140e,Medellín,Salario a convenir,2023-03-29,2023-04-28,2,1
297,Work from home analytics engineering manager / ref. 0078e,Barranquilla,Salario a convenir,2023-03-29,2023-04-28,7,1
298,Work from home analytics engineering manager / ref. 0078e,Cartagena,Salario a convenir,2023-03-29,2023-04-28,7,1
299,Work from home .net tech lead / ref. 0001e,Barranquilla,Salario a convenir,2023-03-29,2023-04-28,7,1
300,Work from home .net tech lead / ref. 0001e,Cúcuta,Salario a convenir,2023-03-29,2023-04-28,7,1
301,Work from home technology projects manager / ref. 0049e (dlvr),Cali,Salario a convenir,2023-03-29,2023-04-28,4,1
302,Work from home software staff manager / ref. 0049e (dlvr),Cali,Salario a convenir,2023-03-29,2023-04-28,4,1
303,Work from home head of engineering / ref. 0049e (dlvr),Cali,Salario a convenir,2023-03-29,2023-04-28,8,1
304,Work from home lead engineer / ref. 0049e (dlvr),Cali,Salario a convenir,2023-03-29,2023-04-28,7,1
305,Work from home angular engineer / ref. 0615e,Bogotá,Salario a convenir,2023-03-29,2023-04-28,5,1
306,Work from home agile master / ref. 0073e (dlvr),Medellín,Salario a convenir,2023-03-29,2023-04-28,3,1
307,Work from home angular engineer / ref. 0615e,Medellín,Salario a convenir,2023-03-29,2023-04-28,5,1
308,Work from home angular engineer / ref. 0615e,Cartagena,Salario a convenir,2023-03-29,2023-04-28,5,1
309,Work from home agile coach / ref. 0073e (dlvr),Bogotá,Salario a convenir,2023-03-29,2023-04-28,3,1
310,Work from home react native engineer / ref. 0198e,Barranquilla,Salario a convenir,2023-03-29,2023-04-28,5,1
311,Work from home react native engineer / ref. 0198e,Cartagena,Salario a convenir,2023-03-29,2023-04-28,5,1
312,Work from home engineering manager / ref. 0049e,Cali,Salario a convenir,2023-03-29,2023-04-28,10,1
313,Work from home senior project manager / ref. 0049e,Medellín,Salario a convenir,2023-03-29,2023-04-28,4,1
314,Work from home senior project manager / ref. 0049e,Cartagena,Salario a convenir,2023-03-29,2023-04-28,4,1
315,Work from home engineering manager / ref. 0049e,Barranquilla,Salario a convenir,2023-03-29,2023-04-28,10,1
316,Work from home ios engineer / ref. 0047e,Medellín,Salario a convenir,2023-03-29,2023-04-28,6,1
317,Work from home golang engineer / ref. 0138e,Medellín,Salario a convenir,2023-03-29,2023-04-28,5,1
318,Work from home quality assurance engineer / ref. 0166e,Barranquilla,Salario a convenir,2023-03-29,2023-04-28,4,1
319,Work from home devops manager / ref. 0121e,Barranquilla,Salario a convenir,2023-03-29,2023-04-28,4,1
320,Work from home devops manager / ref. 0121e,Bogotá,Salario a convenir,2023-03-29,2023-04-28,4,1
321,Work from home php developer / ref. 0021e,Medellín,Salario a convenir,2023-03-29,2023-04-28,5,1
322,Work from home php engineer / ref. 0021e,Barranquilla,Salario a convenir,2023-03-29,2023-04-28,6,1
323,Work from home salesforce tech lead / ref. 0102e,Medellín,Salario a convenir,2023-03-29,2023-04-28,7,1
324,Work from home sap hana developer / ref. 0953e,Barranquilla,Salario a convenir,2023-03-29,2023-04-28,5,1
325,Work from home splunk engineer / ref. 0724e,Barranquilla,Salario a convenir,2023-03-29,2023-04-28,5,1
326,Work from home oracle ebs engineer / ref. 0187e,Bogotá,Salario a convenir,2023-03-29,2023-04-28,5,1
327,Work from home hyperledger fabric developer / ref. 0924e,Barranquilla,Salario a convenir,2023-03-29,2023-04-28,5,1
328,Work from home splunk engineer / ref. 0724e,Bogotá,Salario a convenir,2023-03-29,2023-04-28,5,1
329,Work from home salesforce tech lead / ref. 0102e,Bogotá,Salario a convenir,2023-03-29,2023-04-28,7,1
330,Work from home salesforce architect / ref. 0102e,Cúcuta,Salario a convenir,2023-03-29,2023-04-28,6,1
331,Work from home big data architect / ref. 0099e,Cartagena,Salario a convenir,2023-03-29,2023-04-28,6,1
332,Work from home software development engineer in test / ref. 0686e,Cartagena,Salario a convenir,2023-03-29,2023-04-28,5,1
333,Work from home software development engineer in test / ref. 0686e,Cúcuta,Salario a convenir,2023-03-29,2023-04-28,5,1
334,Work from home salesforce architect / ref. 0102e,Cartagena,Salario a convenir,2023-03-29,2023-04-28,6,1
335,Work from home business intelligence analyst / ref. 0078e,Cali,Salario a convenir,2023-03-29,2023-04-28,5,1
336,Work from home business intelligence analyst / ref. 0078e,Medellín,Salario a convenir,2023-03-29,2023-04-28,5,1
337,Work from home etl developer / ref. 0339e,Cúcuta,Salario a convenir,2023-03-29,2023-04-28,5,1
338,Work from home data engineer / ref. 0960e,Cartagena,Salario a convenir,2023-03-29,2023-04-28,5,1
339,Work from home business intelligence analyst / ref. 0078e,Cúcuta,Salario a convenir,2023-03-29,2023-04-28,5,1
340,Work from home etl engineer / ref. 0339e,Cúcuta,Salario a convenir,2023-03-29,2023-04-28,5,1
341,Work from home etl engineer / ref. 0339e,Cartagena,Salario a convenir,2023-03-29,2023-04-28,5,1
342,Work from home etl developer / ref. 0339e,Barranquilla,Salario a convenir,2023-03-29,2023-04-28,5,1
343,Work from home lean master / ref. 0073e (dlvr),Barranquilla,Salario a convenir,2023-03-30,2023-04-29,3,1
344,Work from home lean master / ref. 0073e (dlvr),Cali,Salario a convenir,2023-03-30,2023-04-29,3,1
345,Work from home data platform engineer / ref. 0339e (rd),Bogotá,Salario a convenir,2023-03-30,2023-04-29,5,1
346,Work from home data platform engineer / ref. 0339e (rd),Cúcuta,Salario a convenir,2023-03-30,2023-04-29,5,1
347,Work from home data platform engineer / ref. 0339e (rd),Cartagena,Salario a convenir,2023-03-30,2023-04-29,5,1
348,Work from home data platform engineer / ref. 0339e (rd),Cali,Salario a convenir,2023-03-30,2023-04-29,5,1
349,Work from home project engineering manager (it) / ref. 0049e (dlvr),Medellín,Salario a convenir,2023-03-31,2023-04-30,4,1
350,Work from home project engineering manager (it) / ref. 0049e (dlvr),Cali,Salario a convenir,2023-03-31,2023-04-30,4,1
351,Work from home big data tech lead / ref. 0099e,Cúcuta,Salario a convenir,2023-03-29,2023-04-28,7,1
352,Work from home big data tech lead / ref. 0099e,Cartagena,Salario a convenir,2023-03-29,2023-04-28,7,1
353,Work from home big data senior / ref. 0099e,Cúcuta,Salario a convenir,2023-03-29,2023-04-28,5,1
354,Work from home big data senior / ref. 0099e,Barranquilla,Salario a convenir,2023-03-29,2023-04-28,5,1
355,Work from home big data tech lead / ref. 0099e,Medellín,Salario a convenir,2023-03-29,2023-04-28,7,1
356,Work from home big data tech lead / ref. 0099e,Barranquilla,Salario a convenir,2023-03-29,2023-04-28,7,1
357,Work from home frontend engineer / ref. 0054e,Barranquilla,Salario a convenir,2023-03-29,2023-04-28,5,1
358,Work from home qa automation leader / ref. 0166e,Medellín,Salario a convenir,2023-03-29,2023-04-28,7,1
359,Work from home .net engineer / ref. 0001e,Cartagena,Salario a convenir,2023-03-29,2023-04-28,5,1
360,Work from home .net core developer / ref. 1001e,Medellín,Salario a convenir,2023-03-29,2023-04-28,5,1
361,Work from home .net engineer / ref. 0001e,Barranquilla,Salario a convenir,2023-03-29,2023-04-28,5,1
362,Work from home qa automation senior / ref. 0166e,Bogotá,Salario a convenir,2023-03-29,2023-04-28,5,1
363,Work from home qa automation engineer / ref. 0166e,Bogotá,Salario a convenir,2023-03-29,2023-04-28,5,1
364,Work from home .net engineer / ref. 0001e,Cali,Salario a convenir,2023-03-29,2023-04-28,5,1
365,Work from home qa automation leader / ref. 0166e,Bogotá,Salario a convenir,2023-03-29,2023-04-28,7,1
366,Work from home .net engineer / ref. 0001e,Cúcuta,Salario a convenir,2023-03-29,2023-04-28,5,1
367,Work from home .net core engineer / ref. 0001e,Barranquilla,Salario a convenir,2023-03-29,2023-04-28,5,1
368,Work from home .net core engineer / ref. 0001e,Bogotá,Salario a convenir,2023-03-29,2023-04-28,5,1
369,Work from home .net core engineer / ref. 0001e,Cartagena,Salario a convenir,2023-03-29,2023-04-28,5,1
370,Work from home python architect / ref. 0071e,Medellín,Salario a convenir,2023-03-29,2023-04-28,6,1
371,Work from home python architect / ref. 0071e,Cúcuta,Salario a convenir,2023-03-29,2023-04-28,6,1
372,Work from home python tech lead / ref. 0071e,Medellín,Salario a convenir,2023-03-29,2023-04-28,7,1
373,Work from home java engineer / ref. 0003e,Bucaramanga,Salario a convenir,2023-03-29,2023-04-28,5,1
374,Work from home .net developer / ref. 0001e,Cartagena,Salario a convenir,2023-03-29,2023-04-28,5,1
375,Work from home python architect / ref. 0071e,Bogotá,Salario a convenir,2023-03-29,2023-04-28,6,1
376,Work from home python engineer / ref. 0071e,Cartagena,Salario a convenir,2023-03-29,2023-04-28,5,1
377,Work from home python engineer / ref. 0071e,Cúcuta,Salario a convenir,2023-03-29,2023-04-28,5,1
378,Work from home java engineer / ref. 0003e,Cali,Salario a convenir,2023-03-29,2023-04-28,5,1
379,Work from home python developer / ref. 0071e,Bucaramanga,Salario a convenir,2023-03-29,2023-04-28,5,1
380,Work from home .net developer / ref. 0001e,Barranquilla,Salario a convenir,2023-03-29,2023-04-28,5,1
381,Work from home java engineer / ref. 0003e,Barranquilla,Salario a convenir,2023-03-29,2023-04-28,5,1
382,Work from home python engineer / ref. 0071e,Medellín,Salario a convenir,2023-03-29,2023-04-28,5,1
383,Work from home senior software engineer (java) / ref. 0003e,Cúcuta,Salario a convenir,2023-03-29,2023-04-28,5,1
384,Work from home python architect / ref. 0071e,Cali,Salario a convenir,2023-03-29,2023-04-28,6,1
385,Work from home java backend tech lead / ref. 0003e,Bogotá,Salario a convenir,2023-03-29,2023-04-28,7,1
386,Work from home java backend developer / ref. 0003e,Medellín,Salario a convenir,2023-03-29,2023-04-28,4,1
387,Work from home java team lead / ref. 0003e,Bucaramanga,Salario a convenir,2023-03-29,2023-04-28,7,1
388,Work from home java team lead / ref. 0003e,Medellín,Salario a convenir,2023-03-29,2023-04-28,7,1
389,Work from home java backend tech lead / ref. 0003e,Medellín,Salario a convenir,2023-03-29,2023-04-28,7,1
390,Work from home agile specialist / r+d / ref. 0073e (rd),Medellín,Salario a convenir,2023-03-30,2023-04-29,4,1
391,Work from home solutions manager / r+d / ref. 0049e (rd),Bogotá,Salario a convenir,2023-03-30,2023-04-29,5,1
392,Work from home senior data analyst / ref. 1028e (rd),Barranquilla,Salario a convenir,2023-03-30,2023-04-29,5,1
393,Work from home senior analytics engineer / ref. 0339e (rd),Bogotá,Salario a convenir,2023-03-30,2023-04-29,7,1
394,Work from home software quality assurance leader / r + d / ref. 0027e (rd),Bogotá,Salario a convenir,2023-03-30,2023-04-29,7,1
395,Work from home product manager / ref. 0140e,Barranquilla,Salario a convenir,2023-03-29,2023-04-28,5,1
396,Work from home product manager / ref. 0140e,Bogotá,Salario a convenir,2023-03-29,2023-04-28,5,1
397,Work from home product manager / ref. 0140e,Soledad,Salario a convenir,2023-03-29,2023-04-28,5,1
398,Work from home product manager / ref. 0140e,Tunja,Salario a convenir,2023-03-29,2023-04-28,5,1
399,Work from home vp of product / ref. 0140e,Bogotá,Salario a convenir,2023-03-29,2023-04-28,6,1
400,Work from home vp of product / ref. 0140e,Bucaramanga,Salario a convenir,2023-03-29,2023-04-28,6,1
401,Work from home ux/ui engineer / ref. 0066e,Cúcuta,Salario a convenir,2023-03-29,2023-04-28,6,1
402,Work from home angular engineer / ref. 0615e,Cali,Salario a convenir,2023-03-29,2023-04-28,5,1
403,Work from home angular engineer / ref. 0615e,Barranquilla,Salario a convenir,2023-03-29,2023-04-28,5,1
404,Work from home agile coach / ref. 0073e (dlvr),Cali,Salario a convenir,2023-03-29,2023-04-28,3,1
405,Work from home senior engineering manager / ref. 0049e (dlvr),Cali,Salario a convenir,2023-03-29,2023-04-28,5,1
406,Work from home scrum coach / ref. 0073e (dlvr),Bogotá,Salario a convenir,2023-03-29,2023-04-28,3,1
407,Work from home scrum coach / ref. 0073e (dlvr),Cali,Salario a convenir,2023-03-29,2023-04-28,3,1
408,Work from home agile master / ref. 0073e (dlvr),Barranquilla,Salario a convenir,2023-03-29,2023-04-28,3,1
409,Work from home scrum master / ref. 0073e (dlvr),Cali,Salario a convenir,2023-03-29,2023-04-28,4,1
410,Work from home scrum master / ref. 0073e (dlvr),Barranquilla,Salario a convenir,2023-03-29,2023-04-28,4,1
411,Work from home senior staff manager / ref. 0049e (dlvr),Cali,Salario a convenir,2023-03-29,2023-04-28,5,1
412,Work from home software development people manager / ref. 0049e (dlvr),Medellín,Salario a convenir,2023-03-29,2023-04-28,4,1
413,Work from home staff manager / ref. 0049e (dlvr),Barranquilla,Salario a convenir,2023-03-29,2023-04-28,3,1
414,Work from home software engineering director / ref. 0049e (dlvr),Cali,Salario a convenir,2023-03-29,2023-04-28,6,1
415,Work from home scrum master / ref. 0073e (dlvr),Medellín,Salario a convenir,2023-03-29,2023-04-28,4,1
416,Work from home software development people manager / ref. 0049e (dlvr),Barranquilla,Salario a convenir,2023-03-29,2023-04-28,4,1
417,Work from home senior staff manager / ref. 0049e (dlvr),Bogotá,Salario a convenir,2023-03-29,2023-04-28,5,1
418,Work from home software engineering director / ref. 0049e (dlvr),Barranquilla,Salario a convenir,2023-03-29,2023-04-28,6,1
419,Work from home engineering manager / ref. 0049e (dlvr),Medellín,Salario a convenir,2023-03-29,2023-04-28,10,1
420,Work from home director of engineering / ref. 0049e (dlvr),Bogotá,Salario a convenir,2023-03-29,2023-04-28,6,1
421,Work from home it staff lead / ref. 0049e (dlvr),Medellín,Salario a convenir,2023-03-29,2023-04-28,7,1
422,Work from home it engineering manager / ref. 0049e (dlvr),Medellín,Salario a convenir,2023-03-29,2023-04-28,4,1
423,Work from home director of engineering / ref. 0049e (dlvr),Medellín,Salario a convenir,2023-03-29,2023-04-28,6,1
424,Work from home it staff lead / ref. 0049e (dlvr),Bogotá,Salario a convenir,2023-03-29,2023-04-28,7,1
425,Work from home people manager / ref. 0049e (dlvr),Barranquilla,Salario a convenir,2023-03-29,2023-04-28,4,1
426,Work from home technology projects manager / ref. 0049e (dlvr),Bogotá,Salario a convenir,2023-03-29,2023-04-28,4,1
427,Work from home lead engineer / ref. 0049e (dlvr),Barranquilla,Salario a convenir,2023-03-29,2023-04-28,7,1
428,Work from home software staff manager / ref. 0049e (dlvr),Medellín,Salario a convenir,2023-03-29,2023-04-28,4,1
429,Work from home software staff manager / ref. 0049e (dlvr),Bogotá,Salario a convenir,2023-03-29,2023-04-28,4,1
430,Work from home head of engineering / ref. 0049e (dlvr),Medellín,Salario a convenir,2023-03-29,2023-04-28,8,1
431,Work from home software engineering manager / ref. 0049e (dlvr),Cali,Salario a convenir,2023-03-29,2023-04-28,4,1
432,Work from home react native engineer / ref. 0198e,Bogotá,Salario a convenir,2023-03-29,2023-04-28,5,1
433,Work from home react native engineer / ref. 0198e,Medellín,Salario a convenir,2023-03-29,2023-04-28,5,1
434,Work from home ios engineer / ref. 0047e,Cartagena,Salario a convenir,2023-03-29,2023-04-28,6,1
435,Work from home ios engineer / ref. 0047e,Barranquilla,Salario a convenir,2023-03-29,2023-04-28,6,1
436,Work from home ios engineer / ref. 0047e,Cali,Salario a convenir,2023-03-29,2023-04-28,6,1
437,Work from home senior project manager / ref. 0049e,Bogotá,Salario a convenir,2023-03-29,2023-04-28,4,1
438,Work from home senior project manager / ref. 0049e,Cali,Salario a convenir,2023-03-29,2023-04-28,4,1
439,Work from home engineering manager / ref. 0049e,Bogotá,Salario a convenir,2023-03-29,2023-04-28,10,1
440,Work from home engineering manager / ref. 0049e,Cartagena,Salario a convenir,2023-03-29,2023-04-28,10,1
441,Work from home golang engineer / ref. 0138e,Bogotá,Salario a convenir,2023-03-29,2023-04-28,5,1
442,Work from home quality assurance engineer / ref. 0166e,Bogotá,Salario a convenir,2023-03-29,2023-04-28,4,1
443,Work from home qa manager / ref. 0166e,Barranquilla,Salario a convenir,2023-03-29,2023-04-28,7,1
444,Work from home qa manager / ref. 0166e,Medellín,Salario a convenir,2023-03-29,2023-04-28,7,1
445,Work from home qa manager / ref. 0166e,Bogotá,Salario a convenir,2023-03-29,2023-04-28,7,1
446,Work from home infrastructure architect / ref. 1017e,Medellín,Salario a convenir,2023-03-29,2023-04-28,6,1
447,Work from home it infrastructure analyst / ref. 1017e,Barranquilla,Salario a convenir,2023-03-29,2023-04-28,2,1
448,Work from home infrastructure architect / ref. 1017e,Bogotá,Salario a convenir,2023-03-29,2023-04-28,6,1
449,Work from home salesforce tech lead / ref. 0102e,Barranquilla,Salario a convenir,2023-03-29,2023-04-28,7,1
450,Work from home ruby on rails tech lead / ref. 0026e,Medellín,Salario a convenir,2023-03-29,2023-04-28,7,1
451,Work from home ruby on rails tech lead / ref. 0026e,Barranquilla,Salario a convenir,2023-03-29,2023-04-28,7,1
452,Work from home salesforce tech lead / ref. 0102e,Cali,Salario a convenir,2023-03-29,2023-04-28,7,1
453,Work from home salesforce tech lead / ref. 0102e,Cartagena,Salario a convenir,2023-03-29,2023-04-28,7,1
454,Work from home php developer / ref. 0021e,Bogotá,Salario a convenir,2023-03-29,2023-04-28,5,1
455,Work from home big data architect / ref. 0099e,Cúcuta,Salario a convenir,2023-03-29,2023-04-28,6,1
456,Work from home salesforce architect / ref. 0102e,Bogotá,Salario a convenir,2023-03-29,2023-04-28,6,1
457,Work from home big data architect / ref. 0099e,Medellín,Salario a convenir,2023-03-29,2023-04-28,6,1
458,Work from home big data architect / ref. 0099e,Barranquilla,Salario a convenir,2023-03-29,2023-04-28,6,1
459,Work from home software development engineer in test / ref. 0686e,Barranquilla,Salario a convenir,2023-03-29,2023-04-28,5,1
460,Work from home data engineer / ref. 0960e,Cali,Salario a convenir,2023-03-29,2023-04-28,5,1
461,Work from home data engineer / ref. 0960e,Cúcuta,Salario a convenir,2023-03-29,2023-04-28,5,1
462,Work from home data engineer / ref. 0960e,Barranquilla,Salario a convenir,2023-03-29,2023-04-28,5,1
463,Work from home etl developer / ref. 0339e,Bogotá,Salario a convenir,2023-03-29,2023-04-28,5,1
464,Work from home data engineer / ref. 0960e,Bogotá,Salario a convenir,2023-03-29,2023-04-28,5,1
465,Work from home etl engineer / ref. 0339e,Barranquilla,Salario a convenir,2023-03-29,2023-04-28,5,1
466,Work from home business intelligence analyst / ref. 0078e,Cartagena,Salario a convenir,2023-03-29,2023-04-28,5,1
467,Work from home business intelligence analyst / ref. 0078e,Barranquilla,Salario a convenir,2023-03-29,2023-04-28,5,1
468,Work from home lean coach / ref. 0073e (dlvr),Medellín,Salario a convenir,2023-03-30,2023-04-29,3,1
469,Work from home lean master / ref. 0073e (dlvr),Bogotá,Salario a convenir,2023-03-30,2023-04-29,3,1
470,Work from home lean coach / ref. 0073e (dlvr),Cali,Salario a convenir,2023-03-30,2023-04-29,3,1
471,Work from home lean coach / ref. 0073e (dlvr),Barranquilla,Salario a convenir,2023-03-30,2023-04-29,3,1
472,Analista desarrollo . net,Bogotá,0,2023-02-20,2023-04-21,2,1
473,Desarrollador. net,Bogotá,0,2023-03-10,2023-04-09,2,1
474,Desarrollador flutter 100% remoto,Remoto,Salario a convenir,2023-03-29,2023-04-28,3,1
475,Work from home python backend tech lead / r + d / ref. 0071e (rd),Medellín,Salario a convenir,2023-03-28,2023-04-27,7,1
476,Work from home android developer / ref. 0046e,Cali,Salario a convenir,2023-03-29,2023-04-28,5,1
477,Work from home react native tech lead / ref. 0198e,Barranquilla,Salario a convenir,2023-03-29,2023-04-28,7,1
478,Work from home business and data science analyst / ref. 1028e,Bogotá,Salario a convenir,2023-03-29,2023-04-28,3,1
479,Work from home salesforce developer / ref. 0102e,Medellín,Salario a convenir,2023-03-29,2023-04-28,5,1
480,Work from home salesforce developer / ref. 0102e,Cali,Salario a convenir,2023-03-29,2023-04-28,5,1
481,Work from home salesforce developer / ref. 0102e,Bogotá,Salario a convenir,2023-03-29,2023-04-28,5,1
482,Work from home site reliability engineer / ref. 0966e,Cartagena,Salario a convenir,2023-03-29,2023-04-28,5,1
483,Work from home site reliability engineer / ref. 0966e,Cúcuta,Salario a convenir,2023-03-29,2023-04-28,5,1
484,Analista junior business intelligence,Remoto,0,2023-03-13,2023-04-12,0,1
485,Work from home python backend engineer / r + d / ref. 0071e (rd),Cúcuta,Salario a convenir,2023-03-28,2023-04-27,4,1
486,Work from home senior python backend developer / research + development / ref. 0071e (rd),Barranquilla,Salario a convenir,2023-03-28,2023-04-27,5,1
487,Work from home senior python backend developer / research + development / ref. 0071e (rd),Cartagena,Salario a convenir,2023-03-28,2023-04-27,5,1
488,Work from home senior python backend developer / research + development / ref. 0071e (rd),Cali,Salario a convenir,2023-03-28,2023-04-27,5,1
489,Work from home python backend engineer / r + d / ref. 0071e (rd),Bogotá,Salario a convenir,2023-03-28,2023-04-27,4,1
490,Work from home junior python backend developer / research + development / ref. 0071e (rd),Medellín,Salario a convenir,2023-03-28,2023-04-27,1,1
491,Work from home junior python backend developer / research + development / ref. 0071e (rd),Barranquilla,Salario a convenir,2023-03-28,2023-04-27,1,1
492,Work from home python architect / research + development / ref. 0071e (rd),Barranquilla,Salario a convenir,2023-03-28,2023-04-27,6,1
493,Work from home python architect / research + development / ref. 0071e (rd),Cartagena,Salario a convenir,2023-03-28,2023-04-27,6,1
494,Work from home python architect / research + development / ref. 0071e (rd),Bogotá,Salario a convenir,2023-03-28,2023-04-27,6,1
495,Work from home react team lead / ref. 0169e,Cúcuta,Salario a convenir,2023-03-28,2023-04-27,7,1
496,Work from home senior software engineer (react) / ref. 0169e,Bucaramanga,Salario a convenir,2023-03-28,2023-04-27,5,1
497,Work from home react frontend tech lead / ref. 0169e,Barranquilla,Salario a convenir,2023-03-28,2023-04-27,7,1
498,Work from home react frontend tech lead / ref. 0169e,Cúcuta,Salario a convenir,2023-03-28,2023-04-27,7,1
499,Work from home react frontend tech lead / ref. 0169e,Cali,Salario a convenir,2023-03-28,2023-04-27,7,1
500,Work from home react team lead / ref. 0169e,Bogotá,Salario a convenir,2023-03-28,2023-04-27,7,1
501,Work from home react frontend tech lead / ref. 0169e,Cartagena,Salario a convenir,2023-03-28,2023-04-27,7,1
502,Work from home react frontend developer / ref. 0169e,Bucaramanga,Salario a convenir,2023-03-28,2023-04-27,4,1
503,Work from home react frontend developer / ref. 0169e,Barranquilla,Salario a convenir,2023-03-28,2023-04-27,4,1
504,Work from home react frontend developer / ref. 0169e,Cúcuta,Salario a convenir,2023-03-28,2023-04-27,4,1
505,Work from home react frontend developer / ref. 0169e,Medellín,Salario a convenir,2023-03-28,2023-04-27,4,1
506,Work from home react frontend tech lead / ref. 0169e,Medellín,Salario a convenir,2023-03-28,2023-04-27,7,1
507,Work from home junior/midlevel react developer / ref. 0169e,Bogotá,Salario a convenir,2023-03-28,2023-04-27,2,1
508,Work from home junior/midlevel react developer / ref. 0169e,Barranquilla,Salario a convenir,2023-03-28,2023-04-27,2,1
509,Work from home react frontend architect / ref. 0169e,Bogotá,Salario a convenir,2023-03-28,2023-04-27,6,1
510,Work from home semi senior react developer / ref. 0169e,Bogotá,Salario a convenir,2023-03-28,2023-04-27,3,1
511,Work from home semi senior react developer / ref. 0169e,Cúcuta,Salario a convenir,2023-03-28,2023-04-27,3,1
512,Work from home react frontend architect / ref. 0169e,Cali,Salario a convenir,2023-03-28,2023-04-27,6,1
513,Work from home react frontend architect / ref. 0169e,Medellín,Salario a convenir,2023-03-28,2023-04-27,6,1
514,Work from home node team lead / ref. 0111e,Barranquilla,Salario a convenir,2023-03-28,2023-04-27,7,1
515,Work from home node backend tech lead / ref. 0111e,Cartagena,Salario a convenir,2023-03-28,2023-04-27,7,1
516,Work from home node backend tech lead / ref. 0111e,Cúcuta,Salario a convenir,2023-03-28,2023-04-27,7,1
517,Work from home node backend tech lead / ref. 0111e,Barranquilla,Salario a convenir,2023-03-28,2023-04-27,7,1
518,Work from home node team lead / ref. 0111e,Cartagena,Salario a convenir,2023-03-28,2023-04-27,7,1
519,Work from home node team lead / ref. 0111e,Medellín,Salario a convenir,2023-03-28,2023-04-27,7,1
520,Work from home node team lead / ref. 0111e,Bogotá,Salario a convenir,2023-03-28,2023-04-27,7,1
521,Work from home senior node developer / ref. 0111e,Cartagena,Salario a convenir,2023-03-28,2023-04-27,5,1
522,Work from home senior node developer / ref. 0111e,Bucaramanga,Salario a convenir,2023-03-28,2023-04-27,5,1
523,Work from home junior/midlevel node developer / ref. 0111e,Cúcuta,Salario a convenir,2023-03-28,2023-04-27,2,1
524,Work from home node backend architect / ref. 0111e,Bogotá,Salario a convenir,2023-03-28,2023-04-27,6,1
525,Work from home senior node developer / ref. 0111e,Cúcuta,Salario a convenir,2023-03-28,2023-04-27,5,1
526,Work from home junior/midlevel node developer / ref. 0111e,Cali,Salario a convenir,2023-03-28,2023-04-27,2,1
527,Work from home junior/midlevel node developer / ref. 0111e,Barranquilla,Salario a convenir,2023-03-28,2023-04-27,2,1
528,Work from home semi senior node developer / ref. 0111e,Cúcuta,Salario a convenir,2023-03-28,2023-04-27,3,1
529,Work from home android architect / ref. 0046e,Medellín,Salario a convenir,2023-03-29,2023-04-28,6,1
530,Work from home android architect / ref. 0046e,Bogotá,Salario a convenir,2023-03-29,2023-04-28,6,1
531,Work from home ux content strategy manager / ref. 0066e,Cali,Salario a convenir,2023-03-29,2023-04-28,7,1
532,Work from home ux content strategy manager / ref. 0066e,Bogotá,Salario a convenir,2023-03-29,2023-04-28,7,1
533,Work from home ux/ui leader / ref. 0066e,Medellín,Salario a convenir,2023-03-29,2023-04-28,10,1
534,Work from home ux/ui leader / ref. 0066e,Cartagena,Salario a convenir,2023-03-29,2023-04-28,10,1
535,Work from home ux/ui leader / ref. 0066e,Cali,Salario a convenir,2023-03-29,2023-04-28,10,1
536,Work from home ux/ui developer / ref. 0066e,Bogotá,Salario a convenir,2023-03-29,2023-04-28,6,1
537,Work from home ux/ui developer / ref. 0066e,Medellín,Salario a convenir,2023-03-29,2023-04-28,6,1
538,Work from home ux/ui developer / ref. 0066e,Barranquilla,Salario a convenir,2023-03-29,2023-04-28,6,1
539,Work from home angular architect / ref. 0615e,Barranquilla,Salario a convenir,2023-03-29,2023-04-28,6,1
540,Work from home angular architect / ref. 0615e,Cúcuta,Salario a convenir,2023-03-29,2023-04-28,6,1
541,Work from home data scientist / data engineer / ref. 0960e,Barranquilla,Salario a convenir,2023-03-29,2023-04-28,5,1
542,Work from home data scientist / data engineer / ref. 0960e,Bogotá,Salario a convenir,2023-03-29,2023-04-28,5,1
543,Work from home tasks management specialist / ref. 0073e,Bogotá,Salario a convenir,2023-03-29,2023-04-28,3,1
544,Work from home tasks management specialist / ref. 0073e,Cali,Salario a convenir,2023-03-29,2023-04-28,3,1
545,Work from home react native developer / ref. 0198e,Cartagena,Salario a convenir,2023-03-29,2023-04-28,5,1
546,Work from home tasks management specialist / ref. 0073e,Medellín,Salario a convenir,2023-03-29,2023-04-28,3,1
547,Work from home ios tech lead / ref. 0047e,Bogotá,Salario a convenir,2023-03-29,2023-04-28,7,1
548,Work from home ios architect / ref. 0047e,Cali,Salario a convenir,2023-03-29,2023-04-28,6,1
549,Work from home ios tech lead / ref. 0047e,Medellín,Salario a convenir,2023-03-29,2023-04-28,7,1
550,Work from home ios architect / ref. 0047e,Barranquilla,Salario a convenir,2023-03-29,2023-04-28,6,1
551,Work from home ios tech lead / ref. 0047e,Cali,Salario a convenir,2023-03-29,2023-04-28,7,1
552,Work from home golang tech lead / ref. 0138e,Bogotá,Salario a convenir,2023-03-29,2023-04-28,7,1
553,Work from home golang tech lead / ref. 0138e,Medellín,Salario a convenir,2023-03-29,2023-04-28,7,1
554,Work from home golang architect / ref. 0138e,Medellín,Salario a convenir,2023-03-29,2023-04-28,6,1
555,Work from home golang architect / ref. 0138e,Barranquilla,Salario a convenir,2023-03-29,2023-04-28,6,1
556,Jefe de desarrollo abap,Bogotá,Salario a convenir,2023-03-24,2023-04-23,5,1
557,Work from home python engineer / research + development / ref. 0071e (rd),Cartagena,Salario a convenir,2023-03-28,2023-04-27,4,1
558,Work from home python engineer / research + development / ref. 0071e (rd),Cúcuta,Salario a convenir,2023-03-28,2023-04-27,4,1
559,Work from home java architect / ref. 0003e,Bogotá,Salario a convenir,2023-03-28,2023-04-27,6,1
560,Work from home java architect / ref. 0003e,Medellín,Salario a convenir,2023-03-28,2023-04-27,6,1
561,Work from home java tech lead / ref. 0003e,Cali,Salario a convenir,2023-03-28,2023-04-27,7,1
562,Work from home java tech lead / ref. 0003e,Barranquilla,Salario a convenir,2023-03-28,2023-04-27,7,1
563,Work from home java tech lead / ref. 0003e,Cúcuta,Salario a convenir,2023-03-28,2023-04-27,7,1
564,Work from home java tech lead / ref. 0003e,Bogotá,Salario a convenir,2023-03-28,2023-04-27,7,1
565,Work from home java architect / ref. 0003e,Bucaramanga,Salario a convenir,2023-03-28,2023-04-27,6,1
566,Work from home java architect / ref. 0003e,Barranquilla,Salario a convenir,2023-03-28,2023-04-27,6,1
567,Work from home java developer / ref. 0003e,Bogotá,Salario a convenir,2023-03-28,2023-04-27,5,1
568,Work from home react tech lead / ref. 0169e,Cali,Salario a convenir,2023-03-28,2023-04-27,7,1
569,Work from home react tech lead / ref. 0169e,Barranquilla,Salario a convenir,2023-03-28,2023-04-27,7,1
570,Work from home react developer / ref. 0169e,Bogotá,Salario a convenir,2023-03-28,2023-04-27,5,1
571,Work from home react architect / ref. 0169e,Cali,Salario a convenir,2023-03-28,2023-04-27,6,1
572,Work from home react developer / ref. 0169e,Cúcuta,Salario a convenir,2023-03-28,2023-04-27,5,1
573,Work from home react architect / ref. 0169e,Barranquilla,Salario a convenir,2023-03-28,2023-04-27,6,1
574,Work from home react architect / ref. 0169e,Cúcuta,Salario a convenir,2023-03-28,2023-04-27,6,1
575,Work from home react developer / ref. 0169e,Cali,Salario a convenir,2023-03-28,2023-04-27,5,1
576,Work from home node backend developer / ref. 0111e,Cartagena,Salario a convenir,2023-03-28,2023-04-27,4,1
577,Work from home node tech lead / ref. 0111e,Medellín,Salario a convenir,2023-03-28,2023-04-27,7,1
578,Work from home node architect / ref. 0111e,Cali,Salario a convenir,2023-03-28,2023-04-27,6,1
579,Work from home node tech lead / ref. 0111e,Bogotá,Salario a convenir,2023-03-28,2023-04-27,7,1
580,Work from home node tech lead / ref. 0111e,Barranquilla,Salario a convenir,2023-03-28,2023-04-27,7,1
581,Work from home node developer / ref. 0111e,Cali,Salario a convenir,2023-03-28,2023-04-27,5,1
582,Work from home node developer / ref. 0111e,Medellín,Salario a convenir,2023-03-28,2023-04-27,5,1
583,Work from home node developer / ref. 0111e,Cúcuta,Salario a convenir,2023-03-28,2023-04-27,5,1
584,Work from home node developer / ref. 0111e,Barranquilla,Salario a convenir,2023-03-28,2023-04-27,5,1
585,Work from home node architect / ref. 0111e,Bogotá,Salario a convenir,2023-03-28,2023-04-27,6,1
586,Work from home node developer / ref. 0111e,Cartagena,Salario a convenir,2023-03-28,2023-04-27,5,1
587,Work from home ux research manager / ref. 0066e,Cúcuta,Salario a convenir,2023-03-29,2023-04-28,7,1
588,Work from home react native architect / ref. 0198e,Cali,Salario a convenir,2023-03-29,2023-04-28,6,1
589,Work from home staff manager / ref. 0049e,Cartagena,Salario a convenir,2023-03-29,2023-04-28,3,1
590,Work from home staff manager / ref. 0049e,Medellín,Salario a convenir,2023-03-29,2023-04-28,3,1
591,Work from home staff manager / ref. 0049e,Barranquilla,Salario a convenir,2023-03-29,2023-04-28,3,1
592,Analista de soporte aplicaciones,Cota,0,2023-03-15,2023-04-14,1,1
593,Administrador/a de soluciones cloud,Bogotá,Salario a convenir,2023-03-13,2023-04-12,4,1
594,Senior devops engineer,Remoto,Salario a convenir,2023-04-03,2023-05-07,8,1
595,Trabajo desde casa desarrollador react frontend / ref. 0169s,Cúcuta,Salario a convenir,2023-03-28,2023-04-27,4,1
596,Trabajo desde casa desarrollador react frontend / ref. 0169s,Bogotá,Salario a convenir,2023-03-28,2023-04-27,4,1
597,Ingeniero de desarrollo rpg as400 - contrato indefinido,Bogotá,0,2023-04-03,2023-05-03,2,1
598,Trabajo desde casa desarrollador asp.net / investigación y desarrollo / ref. 0001s (rd),Barranquilla,Salario a convenir,2023-03-28,2023-04-27,4,1
599,Trabajo desde casa desarrollador asp.net / investigación y desarrollo / ref. 0001s (rd),Cartagena,Salario a convenir,2023-03-28,2023-04-27,4,1
600,Liderazgo  propiedad intelectual y desarrollo,Bogotá,Salario a convenir,2023-03-08,2023-04-07,3,1
601,Trabajo desde casa qa de automatización senior / investigación y desarrollo / ref. 01…,Bogotá,Salario a convenir,2023-03-28,2023-04-27,5,1
602,Trabajo desde casa desarrollador .net backend / ref. 0001s (rd),Bogotá,Salario a convenir,2023-03-28,2023-04-27,4,1
603,Trabajo desde casa desarrollador .net backend / ref. 0001s (rd),Cúcuta,Salario a convenir,2023-03-28,2023-04-27,4,1
604,Trabajo desde casa desarrollador .net backend / ref. 0001s (rd),Medellín,Salario a convenir,2023-03-28,2023-04-27,4,1
605,Trabajo desde casa desarrollador de automatización de qa / i + d / ref. 0050s (rd),Medellín,Salario a convenir,2023-03-29,2023-04-28,4,1
606,Desarrollador fullstack .net/angular  remoto,Bogotá,0,2023-03-23,2023-04-22,2,1
607,Work from home it support analyst / ref. 0080e,Barranquilla,Salario a convenir,2023-03-29,2023-04-28,1,1
608,Trabajo desde casa desarrollador fullstack .net + angular / ref. 0001s (rd),Medellín,Salario a convenir,2023-03-28,2023-04-27,4,1
609,Trabajo desde casa desarrollador fullstack .net + angular / ref. 0001s (rd),Cúcuta,Salario a convenir,2023-03-28,2023-04-27,4,1
610,Líder técnico java,Bogotá,Salario a convenir,2023-03-21,2023-04-20,3,1
611,Work from home angular developer / ref. 0615e,Cali,Salario a convenir,2023-03-29,2023-04-28,5,1
612,Work from home angular developer / ref. 0615e,Barranquilla,Salario a convenir,2023-03-29,2023-04-28,5,1
613,Desarrollador full stack bilingue,Remoto,Salario a convenir,2023-03-24,2023-04-23,4,1
614,"Profesional de gestión de incidentes de desarrollo (.net, java, pl sql, soa)",Bogotá,0,2023-03-22,2023-04-21,2,1
615,Cloud administrator aws proficient,Remoto,Salario a convenir,2023-03-24,2023-04-23,2,1
616,Trabajo desde casa devops / i+d / ref. 0121s (rd),Medellín,Salario a convenir,2023-03-30,2023-04-29,4,1
617,Trabajo desde casa senior devops / i+d / ref. 0121s (rd),Cali,Salario a convenir,2023-03-30,2023-04-29,5,1
618,Trabajo desde casa senior devops / i+d / ref. 0121s (rd),Barranquilla,Salario a convenir,2023-03-30,2023-04-29,5,1
619,Líder de aplicaciones,Bogotá,0,2023-03-09,2023-04-08,3,1
620,Trabajo desde casa desarrollador react frontend / ref. 0169s,Bucaramanga,Salario a convenir,2023-03-28,2023-04-27,4,1
621,Trabajo desde casa desarrollador react frontend / ref. 0169s,Barranquilla,Salario a convenir,2023-03-28,2023-04-27,4,1
622,Trabajo desde casa desarrollador react frontend / ref. 0169s,Medellín,Salario a convenir,2023-03-28,2023-04-27,4,1
623,Trabajo desde casa desarrollador react frontend / ref. 0169s,Cartagena,Salario a convenir,2023-03-28,2023-04-27,4,1
624,Analista de desarrollo y soporte de software / bogotá,Bogotá,0,2023-03-23,2023-04-22,1,1
625,Application engineer proficient,Remoto,Salario a convenir,2023-03-29,2023-04-28,3,1
626,Cloud network engineer senior,Remoto,Salario a convenir,2023-03-31,2023-04-30,4,1
627,Devops specialist,Remoto,Salario a convenir,2023-03-13,2023-04-12,3,1
628,Trabajo desde casa desarrollador asp.net / investigación y desarrollo / ref. 0001s (rd),Cúcuta,Salario a convenir,2023-03-28,2023-04-27,4,1
629,Trabajo desde casa desarrollador asp.net / investigación y desarrollo / ref. 0001s (rd),Bogotá,Salario a convenir,2023-03-28,2023-04-27,4,1
630,Practicante administrador de la configuración (técnico-tecnólogo),Bogotá,Salario a convenir,2023-03-27,2023-04-26,0,1
631,Administrador de ambientes no productivos senior,Remoto,Salario a convenir,2023-03-31,2023-04-29,5,1
632,Trabajo desde casa desarrollador node senior / ref. 0111s,Cali,Salario a convenir,2023-03-28,2023-04-27,5,1
633,Administrador cloud,Remoto,Salario a convenir,2023-03-17,2023-04-16,4,1
634,Trabajo desde casa gerente de soluciones / i+d / ref. 0049s (rd),Cali,Salario a convenir,2023-03-30,2023-04-29,5,1
635,Trabajo desde casa qa de automatización senior / investigación y desarrollo / ref. 01…,Cali,Salario a convenir,2023-03-28,2023-04-27,5,1
636,Trabajo desde casa qa de automatización senior / investigación y desarrollo / ref. 01…,Medellín,Salario a convenir,2023-03-28,2023-04-27,5,1
637,Trabajo desde casa qa de automatización senior / investigación y desarrollo / ref. 01…,Barranquilla,Salario a convenir,2023-03-28,2023-04-27,5,1
638,Trabajo desde casa desarrollador .net backend / ref. 0001s (rd),Cali,Salario a convenir,2023-03-28,2023-04-27,4,1
639,Trabajo desde casa desarrollador .net backend / ref. 0001s (rd),Cartagena,Salario a convenir,2023-03-28,2023-04-27,4,1
640,Trabajo desde casa desarrollador de automatización de qa / i + d / ref. 0050s (rd),Cali,Salario a convenir,2023-03-29,2023-04-28,4,1
641,Trabajo desde casa desarrollador de automatización de qa / i + d / ref. 0050s (rd),Barranquilla,Salario a convenir,2023-03-29,2023-04-28,4,1
642,Trabajo desde casa desarrollador de automatización de qa / i + d / ref. 0050s (rd),Bogotá,Salario a convenir,2023-03-29,2023-04-28,4,1
643,Trabajo desde casa desarrollador java backend / ref. 0003s,Bogotá,Salario a convenir,2023-03-29,2023-04-28,4,1
644,Trabajo desde casa desarrollador java backend / ref. 0003s,Medellín,Salario a convenir,2023-03-29,2023-04-28,4,1
645,Trabajo desde casa desarrollador java backend / ref. 0003s,Bucaramanga,Salario a convenir,2023-03-29,2023-04-28,4,1
646,Trabajo desde casa desarrollador fullstack .net + angular / ref. 0001s (rd),Cartagena,Salario a convenir,2023-03-28,2023-04-27,4,1
647,Líder técnico java (remoto),Remoto,0,2023-03-28,2023-04-27,5,1
648,Líder técnico java (remoto),Remoto,0,2023-03-28,2023-04-27,5,1
649,Trabajo desde casa desarrollador java senior / ref. 0003s,Cali,Salario a convenir,2023-03-29,2023-04-28,5,1
650,Líder técnico java (remoto),Bogotá,0,2023-03-10,2023-04-09,5,1
651,Líder técnico java (remoto),Bogotá,0,2023-04-04,2023-05-04,5,1
652,Tibco developer,Remoto,0,2023-03-29,2023-04-28,4,1
653,Networks sd-wan support senior,Remoto,Salario a convenir,2023-03-29,2023-04-28,4,1
654,Desarrollador java senior,Remoto,Salario a convenir,2023-03-23,2023-04-22,3,1
655,Analista desarrollador,Remoto,0,2023-03-15,2023-04-14,2,1
656,Líder técnico java  remoto,Remoto,0,2023-03-07,2023-04-06,5,1
657,Desarrollador senior,Bogotá alrededores,0,2023-03-28,2023-04-27,2,1
658,Consultor sap fi junior y/o semisenior - remoto,Remoto,0,2023-03-22,2023-04-21,2,1
659,Trabajo desde casa devops / i+d / ref. 0121s (rd),Bogotá,Salario a convenir,2023-03-30,2023-04-29,4,1
660,Trabajo desde casa senior devops / i+d / ref. 0121s (rd),Bogotá,Salario a convenir,2023-03-30,2023-04-29,5,1
661,Desarrollador rpg,Remoto,0,2023-03-20,2023-04-19,3,1
662,Trabajo desde casa ingeniero .net + angular / investigación y desarrollo / ref. 0001s (rd),Cartagena,Salario a convenir,2023-03-28,2023-04-27,4,1
663,Trabajo desde casa ingeniero .net + angular / investigación y desarrollo / ref. 0001s (rd),Cúcuta,Salario a convenir,2023-03-28,2023-04-27,4,1
664,Ingeniero de soporte ibm bilingue,Remoto,Salario a convenir,2023-03-22,2023-04-21,4,1
665,Líder admistrador bases de datos y sap,Soledad,Salario a convenir,2023-03-09,2023-04-08,4,1
666,Coordinador de software y desarrollo,Soledad,Salario a convenir,2023-03-09,2023-04-08,4,1
667,Trabajo desde casa analista de qa senior / investigación y desarrollo / ref. 0027s (rd),Medellín,Salario a convenir,2023-03-30,2023-04-29,5,1
668,Trabajo desde casa gerente de ingenieria de software / i+d / ref. 0049s (rd),Bogotá,Salario a convenir,2023-03-29,2023-04-28,5,1
669,Trabajo desde casa gerente de ingenieria de software / i+d / ref. 0049s (rd),Barranquilla,Salario a convenir,2023-03-29,2023-04-28,5,1
670,Trabajo desde casa gerente de ingenieria de software / i+d / ref. 0049s (rd),Medellín,Salario a convenir,2023-03-29,2023-04-28,5,1
671,Trabajo desde casa scrum master / i+d / ref. 0073s (rd),Bogotá,Salario a convenir,2023-03-29,2023-04-28,4,1
672,Trabajo desde casa scrum master / i+d / ref. 0073s (rd),Medellín,Salario a convenir,2023-03-29,2023-04-28,4,1
673,"Desarrollador de software/bots, teletrabajo - conocimiento en cari ia",Remoto,0,2023-03-31,2023-04-30,2,1
674,Programador middleware - middleware engineer directo e indefinido + excelentes beneficios,Bogotá,Salario a convenir,2023-03-09,2023-04-08,2,1
675,Ingeniero de desarrollo,Bogotá,0,2023-03-07,2023-04-06,2,1
676,Ingeniero de desarrollo,Bogotá,0,2023-03-24,2023-04-23,2,1
677,Trabajo desde casa ingeniero python backend / investigación y desarrollo / ref. 0071s (rd),Cali,Salario a convenir,2023-03-28,2023-04-27,4,1
678,Programador nivel ii -  remoto,Remoto,0,2023-03-08,2023-04-07,3,1
679,Bau - desarrollador,Remoto,Salario a convenir,2023-03-22,2023-04-21,3,1
680,Trabajo desde casa agile coach / ref. 0073s (dlvr),Barranquilla,Salario a convenir,2023-03-30,2023-04-29,3,1
681,Trabajo desde casa agile coach / ref. 0073s (dlvr),Medellín,Salario a convenir,2023-03-30,2023-04-29,3,1
682,Trabajo desde casa agile coach / i+d / ref. 0073s (rd),Cali,Salario a convenir,2023-03-30,2023-04-29,4,1
683,Trabajo desde casa agile coach / i+d / ref. 0073s (rd),Bogotá,Salario a convenir,2023-03-30,2023-04-29,4,1
684,Trabajo desde casa agile coach / i+d / ref. 0073s (rd),Medellín,Salario a convenir,2023-03-30,2023-04-29,4,1
685,Devops - devops engineer directo e indefinido+ beneficios sin inglés requerido,Bogotá,Salario a convenir,2023-03-11,2023-04-10,2,1
686,Desarrollador adf oracle semi senior - senior,Bogotá,Salario a convenir,2023-03-30,2023-04-29,3,1
687,Desarrollador etl/datastage junior,Bogotá,Salario a convenir,2023-03-29,2023-04-28,1,1
688,Trabajo desde casa desarrollador node senior / ref. 0111s,Cartagena,Salario a convenir,2023-03-28,2023-04-27,5,1
689,Trabajo desde casa desarrollador node senior / ref. 0111s,Barranquilla,Salario a convenir,2023-03-28,2023-04-27,5,1
690,Trabajo desde casa desarrollador node senior / ref. 0111s,Cúcuta,Salario a convenir,2023-03-28,2023-04-27,5,1
691,Ingeniero de aplicaciones full stack,Remoto,0,2023-03-08,2023-04-07,2,1
692,Trabajo desde casa gerente de soluciones / i+d / ref. 0049s (rd),Barranquilla,Salario a convenir,2023-03-30,2023-04-29,5,1
693,Trabajo desde casa gerente de soluciones / i+d / ref. 0049s (rd),Bogotá,Salario a convenir,2023-03-30,2023-04-29,5,1
694,Técnico de software,Cartagena,Salario a convenir,2023-03-21,2023-04-20,0,1
695,Analista ssr cobol,Bogotá,Salario a convenir,2023-03-07,2023-04-06,2,1
696,Rpa developer - bilingüe,Remoto,Salario a convenir,2023-04-05,2023-05-05,2,1
697,Ingeniero de software,Bogotá,0,2023-03-22,2023-04-21,1,1
698,Trabajo desde casa scrum master / ref. 0073s (dlvr),Medellín,Salario a convenir,2023-03-30,2023-04-29,3,1
699,Trabajo desde casa scrum master / ref. 0073s (dlvr),Bogotá,Salario a convenir,2023-03-30,2023-04-29,3,1
700,Trabajo desde casa desarrollador java backend / ref. 0003s,Cúcuta,Salario a convenir,2023-03-29,2023-04-28,4,1
701,Trabajo desde casa desarrollador java backend / ref. 0003s,Barranquilla,Salario a convenir,2023-03-29,2023-04-28,4,1
702,Trabajo desde casa desarrollador java backend / ref. 0003s,Cartagena,Salario a convenir,2023-03-29,2023-04-28,4,1
703,Trabajo desde casa desarrollador java senior / ref. 0003s,Cartagena,Salario a convenir,2023-03-29,2023-04-28,5,1
704,Trabajo desde casa desarrollador java senior / ref. 0003s,Barranquilla,Salario a convenir,2023-03-29,2023-04-28,5,1
705,Trabajo desde casa desarrollador java senior / ref. 0003s,Bogotá,Salario a convenir,2023-03-29,2023-04-28,5,1
706,Arquitecto de software,Remoto,0,2023-03-29,2023-04-28,5,1
707,Analista programador,Cali,0,2023-03-21,2023-04-20,2,1
708,Trabajo desde casa gerente de personal de desarrollo de software / ref. 0049s (dlvr),Bogotá,Salario a convenir,2023-03-29,2023-04-28,4,1
709,Trabajo desde casa gerente de personal de desarrollo de software / ref. 0049s (dlvr),Barranquilla,Salario a convenir,2023-03-29,2023-04-28,4,1
710,Android developer - remote - colombia,Remoto,Salario a convenir,2023-04-03,2023-05-03,5,1
711,Desarrollador ssr,Remoto,0,2023-03-14,2023-04-13,2,1
712,Senior developer qliksense,Bogotá,Salario a convenir,2023-03-17,2023-04-16,2,1
713,Desarrollador magento junior bilingüe,Remoto,Salario a convenir,2023-03-15,2023-04-14,2,1
714,Ingeniero de sistemas con experiencia en desarrollo de etl,Bogotá,0,2023-03-30,2023-04-29,2,1
715,Desarrollador host cobol,Remoto,Salario a convenir,2023-03-03,2023-05-02,2,1
716,Desarrollador iseries,Remoto,Salario a convenir,2023-03-31,2023-04-30,2,1
717,Global servicenow developer,Remoto,Salario a convenir,2023-03-15,2023-04-14,3,1
718,Desarrollador python - remoto,Remoto,0,2023-03-23,2023-04-22,3,1
719,Desarrollador de java,Remoto,0,2023-03-09,2023-04-08,3,1
720,Desarrollador fullstack .net-angular,Remoto,0,2023-03-07,2023-04-06,3,1
721,Desarrollador aso/apx,Remoto,Salario a convenir,2023-03-14,2023-04-13,5,1
722,Desarrollador backend .net junior,Bogotá,0,2023-03-10,2023-04-09,1,1
723,Ingeniero de desarrollo/soporte de aplicaciones .net-trabajo remoto colombia,Remoto,Salario a convenir,2023-03-22,2023-04-21,2,1
724,Ingeniero de desarrollo/soporte de aplicaciones .net-bogotá,Bogotá,Salario a convenir,2023-03-22,2023-04-21,2,1
725,Líder técnico,Bogotá,0,2023-03-15,2023-04-14,7,1
726,Desarrollador java senior,Remoto,0,2023-03-16,2023-04-15,3,1
727,Developer - power builder,Bogotá,Salario a convenir,2023-03-17,2023-04-16,5,1
728,Lider de desarrollo java,Bogotá,0,2023-04-05,2023-05-05,4,1
729,Desarrollador vue y pyton,Remoto,0,2023-03-30,2023-04-29,3,1
730,Desarrollador php - bogotá,Remoto,0,2023-03-10,2023-04-09,2,1
731,Desarrollador next js/remoto,Remoto,0,2023-03-02,2023-05-01,3,1
732,Ingeniero de sistemas o afines con experiencia en wordpress,Remoto,Salario a convenir,2023-03-15,2023-04-14,4,1
733,Ingeniero de sistema / desarrollador,Barranquilla,Salario a convenir,2023-04-05,2023-05-05,1,1
734,Líder técnico fullstack,Remoto,0,2023-03-24,2023-04-23,3,1
735,"Profesional en ingeniería de sistemas, con experiencia en desarrollo de software en bases de…",Bogotá,0,2023-03-16,2023-04-15,1,1
736,Cloud security engineer azure,Remoto,0,2023-04-04,2023-05-04,3,1
737,Especialista adobe analytics,Remoto,Salario a convenir,2023-03-13,2023-04-12,3,1
738,Coordinador de proyectos it sap,Copacabana,0,2023-03-29,2023-04-28,3,1
739,Líder técnico/ nodejs y react,Bogotá,Salario a convenir,2023-03-13,2023-04-12,3,1
740,Lider propiedad intelectual y desarrollo,Bogotá,Salario a convenir,2023-03-13,2023-04-12,3,1
741,Analista ti/to,Remoto,Salario a convenir,2023-01-16,2023-04-16,3,1
742,Analista programador,Cartago,0,2023-04-04,2023-05-04,2,1
743,Programador genexus bantotal,Remoto,0,2023-03-21,2023-04-20,5,1
744,Desarrollador cobol  cvs y db2 - directo+indefinido+tu salario deseado+beneficios,Bogotá,0,2023-03-22,2023-04-21,3,1
745,Desarrollador cobol conocimiento en cvs y db2 - directo+indefinido+tu salario deseado+beneficios,Bogotá,0,2023-03-22,2023-04-21,3,1
746,Analista soa,Remoto,0,2023-03-15,2023-04-14,1,1
747,Desarrollo junior .net,Bogotá,0,2023-03-27,2023-04-26,1,1
748,Analista de requerimientos sap,Bogotá,0,2023-03-31,2023-04-30,1,1
749,Work from home junior scrum master / r+d / ref. 0073e (rd),Barranquilla,Salario a convenir,2023-03-30,2023-04-29,2,1
750,Work from home junior scrum master / r+d / ref. 0073e (rd),Cali,Salario a convenir,2023-03-30,2023-04-29,2,1
751,Desarrollador fullstack .net/angular  remoto,Bogotá,0,2023-03-09,2023-04-08,2,1
752,Líder de soporte web y desarrollo,Remoto,Salario a convenir,2023-03-14,2023-04-13,2,1
753,Desarrollador senior,Bogotá,0,2023-03-21,2023-04-20,2,1
754,Software engineer (.net),Bogotá,0,2023-03-15,2023-04-14,2,1
755,Líder técnico,Remoto,0,2023-03-09,2023-04-08,5,1
756,Ingeniero/tecnico poplesoft,Remoto,Salario a convenir,2023-04-03,2023-05-03,5,1
757,Desarrollador bantotal genexus,Remoto,0,2023-03-27,2023-04-26,3,1
758,Work from home angular developer / ref. 0615e,Cartagena,Salario a convenir,2023-03-29,2023-04-28,5,1
759,Work from home angular developer / ref. 0615e,Cúcuta,Salario a convenir,2023-03-29,2023-04-28,5,1
760,Work from home angular developer / ref. 0615e,Bogotá,Salario a convenir,2023-03-29,2023-04-28,5,1
761,Líder técnico (aplicaciones móviles),Remoto,Salario a convenir,2023-03-07,2023-04-06,4,1
762,Analista senior ti,Cali,0,2023-04-03,2023-05-03,3,1
763,Ingeniero de desarrollo rpg as400 - contrato indefinido,Bogotá,0,2023-03-10,2023-04-09,2,1
764,Desarrollador de aplicaciones it,Bogotá,0,2023-03-13,2023-04-12,5,1
765,Desarrollador .net - hibrido medellin,Bogotá,Salario a convenir,2023-03-14,2023-04-13,4,1
766,Desarrollador java semisenior,Remoto,0,2023-03-15,2023-04-14,3,1
767,Work from home angular developer / ref. 0615e,Medellín,Salario a convenir,2023-03-29,2023-04-28,5,1
768,Desarrolador java - angular por proyecto - remoto,Remoto,Salario a convenir,2023-03-18,2023-04-17,3,1
769,Analista desarrollador semi senior,Bogotá,0,2023-03-30,2023-04-29,3,1
770,Consultor sap hcm,Bogotá,0,2023-03-16,2023-04-15,4,1
771,Mirth developer,Remoto,Salario a convenir,2023-03-26,2023-04-25,1,1
772,Ingeniero junior de desarrollo,Bogotá,0,2023-03-07,2023-04-06,2,1
773,Desarrollador junior,Remoto,0,2023-03-14,2023-04-13,1,1
774,Desarrollador iseries,Remoto,Salario a convenir,2023-03-24,2023-04-23,2,1
775,Líder de infraestructura it automatizacion,Bogotá,0,2023-03-22,2023-04-21,2,1
776,Developer java bilingue (remoto),Remoto,0,2023-03-30,2023-04-29,4,1
777,Analista de desarrollo senior,Bogotá,0,2023-03-16,2023-04-15,4,1
778,Freelance-- java - angular -- remoto,Remoto,Salario a convenir,2023-03-23,2023-04-22,2,1
779,Líder de tecnología,Cartagena,0,2023-03-29,2023-04-28,3,1
780,Desarrollador .net,Remoto,Salario a convenir,2023-03-15,2023-04-14,3,1
781,Desarrollador angular / .net core,Remoto,Salario a convenir,2023-03-22,2023-04-21,3,1
782,Desarrollador web fullstack,Bogotá,0,2023-03-07,2023-04-06,4,1
783,Desarrollador web fullstack,Bogotá,0,2023-03-27,2023-04-26,4,1
784,Desarrollador magento senior bilingüe,Remoto,Salario a convenir,2023-03-15,2023-04-14,4,1
785,Desarrollador plsql bilingüe,Medellín,0,2023-03-17,2023-04-16,2,1
786,Application architect,Remoto,Salario a convenir,2023-03-13,2023-04-12,5,1
787,Líder técnico bilingüe,Bogotá,Salario a convenir,2023-03-17,2023-04-16,5,1
788,Desarrollador full stack angular/.net,Remoto,0,2023-03-08,2023-04-07,2,1
789,Technical leader,Bogotá,Salario a convenir,2023-03-15,2023-04-14,3,1
790,Analista senior de desarrollo de tecnologia,Cali,0,2023-03-15,2023-04-14,3,1
791,Analista desarrollador senior,Bogotá,0,2023-03-16,2023-04-15,6,1
792,Analista desarrollador senior,Bogotá,0,2023-03-30,2023-04-29,6,1
793,Desarrollador de tecnologia junior,Bogotá,0,2023-03-30,2023-04-29,2,1
794,Desarrollador salesforce remoto,Remoto,0,2023-03-10,2023-04-09,3,1
795,Analista de desarrollo informatico,Medellín,0,2023-03-23,2023-04-22,1,1
796,Desarrollo con visual basic,Bogotá,0,2023-03-17,2023-04-16,2,1
797,Desarrollador salesforce remoto,Remoto,0,2023-03-27,2023-04-26,3,1
798,Work from home c++ developer / ref. 0043e,Bogotá,Salario a convenir,2023-03-29,2023-04-28,5,1
799,Work from home flutter developer / ref. 0490e,Cali,Salario a convenir,2023-03-29,2023-04-28,5,1
800,Work from home flutter engineer / ref. 0490e,Medellín,Salario a convenir,2023-03-29,2023-04-28,5,1
801,Work from home c++ developer / ref. 0043e,Barranquilla,Salario a convenir,2023-03-29,2023-04-28,5,1
802,Work from home flutter engineer / ref. 0490e,Barranquilla,Salario a convenir,2023-03-29,2023-04-28,5,1
803,Work from home flutter engineer / ref. 0490e,Cartagena,Salario a convenir,2023-03-29,2023-04-28,5,1
804,Work from home flutter developer / ref. 0490e,Barranquilla,Salario a convenir,2023-03-29,2023-04-28,5,1
805,Work from home c++ tech lead / ref. 0043e,Barranquilla,Salario a convenir,2023-03-29,2023-04-28,7,1
806,Work from home vue.js developer / ref. 0255e,Barranquilla,Salario a convenir,2023-03-29,2023-04-28,5,1
807,Work from home vue.js developer / ref. 0255e,Bogotá,Salario a convenir,2023-03-29,2023-04-28,5,1
808,Work from home c++ architect / ref. 0043e,Bogotá,Salario a convenir,2023-03-29,2023-04-28,6,1
809,Work from home vue.js developer / ref. 0255e,Cali,Salario a convenir,2023-03-29,2023-04-28,5,1
810,Work from home c++ architect / ref. 0043e,Barranquilla,Salario a convenir,2023-03-29,2023-04-28,6,1
811,Work from home vue.js developer / ref. 0255e,Cartagena,Salario a convenir,2023-03-29,2023-04-28,5,1
812,Desarrollador osb,Bogotá,Salario a convenir,2023-03-31,2023-04-30,1,1
813,Programador angular - inglés b2+ para relocalización a españa,Medellín,Salario a convenir,2023-03-16,2023-04-15,3,1
814,Ingeniero de desarrolo 2,Remoto,0,2023-03-09,2023-04-08,2,1
815,Líder de proyectos,Valledupar,Salario a convenir,2023-03-24,2023-05-23,2,1
816,Desarrollador fullstack,Bogotá,0,2023-03-29,2023-04-28,3,1
817,Programador fullstack/fullstack programmer,Remoto,0,2023-04-05,2023-05-05,7,1
818,Líder técnico java (remoto),Bogotá,0,2023-03-09,2023-04-08,5,1
819,Desarrollador senior java (capa media),Bogotá,0,2023-03-13,2023-04-12,2,1
820,Programador middleware - middleware engineer directo e indefinido + excelentes beneficios,Bogotá,0,2023-03-11,2023-04-10,2,1
821,Desarrollador senior cobol,Remoto,Salario a convenir,2023-03-10,2023-04-09,2,1
822,Analista de desarrollo de software - teletrabajo,Remoto,0,2023-03-31,2023-04-30,2,1
823,Analista funcional  sap,Remoto,Salario a convenir,2023-03-17,2023-04-16,3,1
824,Desarrollador .net - hibrido en bogota,Bogotá,0,2023-04-04,2023-05-04,3,1
825,Ingeniero soap/api,Bogotá,0,2023-03-16,2023-04-15,3,1
826,Desarrollador rpg ile/iseries,Remoto,Salario a convenir,2023-03-29,2023-04-28,3,1
827,Especialista en infraestructura,Bogotá,0,2023-03-13,2023-04-12,0,1
828,Desarrollador,Remoto,0,2023-03-14,2023-04-13,2,1
829,Devops - devops engineer directo e indefinido+ beneficios sin inglés requerido,Bogotá,Salario a convenir,2023-03-09,2023-04-08,2,1
830,Desarrollador siebel,Bogotá,Salario a convenir,2023-03-14,2023-04-10,3,1
831,Ingeniero rpa,Bogotá,0,2023-03-16,2023-04-15,3,1
832,Desarrollador etl - banco av villas,Remoto,0,2023-03-16,2023-04-15,1,1
833,Líder de proyectos cobol,Remoto,Salario a convenir,2023-03-10,2023-04-09,3,1
834,Pp1871 líder cobol,Remoto,Salario a convenir,2023-03-10,2023-04-09,3,1
835,Ingeniero de desarrollo senior bd oracle y sql,Remoto,0,2023-03-13,2023-04-12,3,1
836,Senior python developer - remote - colombia,Remoto,Salario a convenir,2023-04-03,2023-05-03,5,1
837,Trabajo desde casa desarrollador python backend / investigación y desarrollo / ref. 0071s (rd),Cartagena,Salario a convenir,2023-03-28,2023-04-27,4,1
838,Trabajo desde casa desarrollador python backend / investigación y desarrollo / ref. 0071s (rd),Cúcuta,Salario a convenir,2023-03-28,2023-04-27,4,1
839,Trabajo desde casa desarrollador python backend / investigación y desarrollo / ref. 0071s (rd),Barranquilla,Salario a convenir,2023-03-28,2023-04-27,4,1
840,Trabajo desde casa desarrollador python backend / investigación y desarrollo / ref. 0071s (rd),Cali,Salario a convenir,2023-03-28,2023-04-27,4,1
841,Desarrollador fullstack senior.,Remoto,Salario a convenir,2023-03-27,2023-04-26,5,1
842,.net hibrido,Bogotá,Salario a convenir,2023-03-21,2023-04-20,3,1
843,Desarrollador senior sap business one,Bogotá,0,2023-04-04,2023-05-04,2,1
844,Desarrollador tuxedo,Bogotá,Salario a convenir,2023-03-31,2023-04-30,1,1
845,Desarrollador rpa junior,Bogotá,0,2023-03-11,2023-04-10,1,1
846,Analista programador,Bogotá,Salario a convenir,2023-03-08,2023-04-07,2,1
847,Desarrollador pos,Remoto,0,2023-04-03,2023-05-03,2,1
848,By wms implementors proficient,Remoto,Salario a convenir,2023-03-31,2023-04-30,3,1
849,Desarrollador python - bogotá,Remoto,0,2023-03-09,2023-04-08,2,1
850,Analista de desarrollo - python,Bogotá,0,2023-03-24,2023-04-23,2,1
851,Desarrollador bim,Bogotá,Salario a convenir,2023-03-16,2023-04-15,2,1
852,Desarrolladro senior devops,Remoto,Salario a convenir,2023-04-05,2023-05-05,7,1
853,Desarrollador cobol 100% remoto,Remoto,0,2023-03-21,2023-04-20,3,1
854,Desarrollador java,Remoto,Salario a convenir,2023-03-13,2023-04-12,2,1
855,Especialista en sistemas nivel 2-  ingles c2 cali / jamundi,Cali,0,2023-03-10,2023-04-09,5,1
856,Especialista en sistemas nivel 1-  ingles c2 cali / jamundi,Cali,0,2023-03-10,2023-04-09,3,1
857,Fullstack/analista tecnico senior .net,Remoto,Salario a convenir,2023-03-23,2023-04-22,3,1
858,Desarrollador as400,Remoto,Salario a convenir,2023-03-08,2023-04-07,2,1
859,Ingeniero middleware sin inglés requerido - directo+ indefinido + excelentes beneficios,Bogotá,0,2023-03-11,2023-04-10,2,1
860,Desarrollador fullstack,Remoto,Salario a convenir,2023-03-22,2023-04-21,3,1
861,Ingeniero de desarrollo i,Bogotá,Salario a convenir,2023-03-22,2023-04-21,2,1
862,Ingeniero de desarrollo,Remoto,0,2023-04-05,2023-05-05,2,1
863,Líder técnico (.net),Bogotá,Salario a convenir,2023-03-22,2023-04-21,3,1
864,Desarrollador as400,Bogotá,Salario a convenir,2023-03-23,2023-04-22,3,1
865,Desarrollador java full stack,Remoto,Salario a convenir,2023-03-24,2023-04-23,2,1
866,Work from home flutter developer / ref. 0490e,Cartagena,Salario a convenir,2023-03-29,2023-04-28,5,1
867,Work from home flutter engineer / ref. 0490e,Bogotá,Salario a convenir,2023-03-29,2023-04-28,5,1
868,Work from home vue.js developer / ref. 0255e,Medellín,Salario a convenir,2023-03-29,2023-04-28,5,1
869,Technical leader (.net),Bogotá,Salario a convenir,2023-03-17,2023-04-16,3,1
870,Ingeniero exp en base de datos o desarrollo de software o administracion de aplicaciones,Bogotá,Salario a convenir,2023-03-27,2023-04-26,15,1
871,Work from home flutter developer / ref. 0490e,Medellín,Salario a convenir,2023-03-29,2023-04-28,5,1
872,Work from home flutter developer / ref. 0490e,Bogotá,Salario a convenir,2023-03-29,2023-04-28,5,1
873,Work from home flutter engineer / ref. 0490e,Cali,Salario a convenir,2023-03-29,2023-04-28,5,1
874,Work from home c++ developer / ref. 0043e,Medellín,Salario a convenir,2023-03-29,2023-04-28,5,1
875,Work from home c++ tech lead / ref. 0043e,Bogotá,Salario a convenir,2023-03-29,2023-04-28,7,1
876,Work from home c++ tech lead / ref. 0043e,Medellín,Salario a convenir,2023-03-29,2023-04-28,7,1
877,Work from home c++ architect / ref. 0043e,Medellín,Salario a convenir,2023-03-29,2023-04-28,6,1
878,Ingeniero de sistemas (desarrollo software) - bogotá,Bogotá,Salario a convenir,2023-03-16,2023-04-15,2,1
879,Trabajo desde casa desarrollador python backend / investigación y desarrollo / ref. 0071s (rd),Medellín,Salario a convenir,2023-03-28,2023-04-27,4,1
880,Especialista en bases de datos y sistemas de información de recaudo (licitación),Bogotá,Salario a convenir,2023-03-21,2023-04-20,7,1
881,Ingeniero/a ciclo de vida de software,Bogotá,0,2023-03-24,2023-04-23,1,1
882,Gerente de proyectos- medios de pago,Remoto,0,2023-03-15,2023-04-14,4,1
883,Desarrolladores bantotal - genexus,Remoto,0,2023-03-08,2023-04-07,3,1
884,Ingeniero/a calidad de software,Bogotá,0,2023-03-10,2023-04-09,1,1
885,Ingeniero/a desarrollo de soluciones tecnológicas para seguridad de la información,Bogotá,0,2023-03-10,2023-04-09,1,1
886,Especialista en telecomunicaciones (licitación),Bogotá,Salario a convenir,2023-03-21,2023-04-20,7,1
887,Ingeniero/a de desarrollo y calidad de software,Bogotá,0,2023-03-24,2023-04-23,1,1
888,Desarrollador de apps - dominio de power apps,Remoto,0,2023-03-29,2023-04-28,2,1
889,Trabajo desde casa desarrollador python backend / investigación y desarrollo / ref. 0071s (rd),Bogotá,Salario a convenir,2023-03-28,2023-04-27,4,1
890,"Diseño y desarrollo de software, soporte power platform 1626040293.162",Medellín,0,2023-02-23,2023-04-24,1,1
891,Desarrollador java - modalidad hibrida,Bogotá,Salario a convenir,2023-03-07,2023-04-06,2,1
892,Profesional en ing. de sistemas exp. java con springboot - semipresencial bogotá,Bogotá,0,2023-03-07,2023-04-06,2,1
893,Analista de desarrollo de aplicaciones it,Bogotá,0,2023-03-13,2023-04-12,2,1
894,Desarrollador de software back end senior,Bogotá,Salario a convenir,2023-03-10,2023-04-09,3,1
895,Desarrolladores bantotal - genexus,Remoto,0,2023-03-21,2023-04-20,3,1
896,Especialista en bases de datos y sistemas de información de control (licitación),Bogotá,Salario a convenir,2023-03-21,2023-04-20,7,1
897,Ingeniero/a de desarrollo de soluciones tecnológicas,Bogotá,0,2023-03-24,2023-04-23,1,1
898,Desarrolladores bantotal - genexus,Remoto,0,2023-03-27,2023-04-26,3,1
899,Profesor ii medio tiempo especialización en desarrollo de software,Remoto,0,2023-03-17,2023-04-16,4,1
900,Ingeniero de desarrollo de software - trabajo remoto,Remoto,0,2023-03-15,2023-04-14,2,1
901,Analista sr de desarrollo de aplicaciones,Bogotá,0,2023-03-13,2023-04-12,3,1
902,Analista de requerimiento software,Bogotá,0,2023-04-05,2023-04-30,2,1
903,Project manager para empresa de desarrollo de software,Bogotá,Salario a convenir,2023-04-03,2023-04-10,2,1
904,Ingeniero de sistemas con experiencia en desarrollo de software,Bogotá,0,2023-03-27,2023-04-26,2,1
905,Técnico/ ingeniero de sistemas en desarrollo de software,Bucaramanga,0,2023-03-28,2023-04-27,1,1
906,Ingeniero de desarrollo,Bogotá,0,2023-03-21,2023-04-20,2,1
907,Ingeniero de sistemas cali,Cali,0,2023-03-28,2023-04-27,2,1
908,Desarrollador de software java- ciudades,Remoto,Salario a convenir,2023-03-09,2023-04-08,4,1
909,Analista especializado 2 desarrollador de software,Bogotá,0,2023-04-04,2023-05-04,0,1
910,Aprendiz en desarrollo de software 1626355025.4,Medellín,0,2023-02-17,2023-04-18,0,1
911,Ingeniero especializado en desarrollo de software,Bogotá,0,2023-03-15,2023-04-14,2,1
912,A-522023 profesional de desarrollo de software 1,Bogotá,0,2023-04-03,2023-05-03,1,1
913,Ingeniero desarrollo de software en aplicaciones web - medellín,Medellín,0,2023-03-16,2023-04-15,2,1
914,Desarrollador de software jr - cali,Cali,0,2023-03-27,2023-04-26,1,1
915,Ingeniero/a desarrollo de software - seguridad de la información,Bogotá,0,2023-03-10,2023-04-09,1,1
916,Coordinación de innovación y desarrollo de software,Bogotá,Salario a convenir,2023-03-17,2023-04-16,4,1
917,Aprendices en etapa práctica (contrato de aprendizaje tipo sena) - medellín,Medellín,0,2023-03-22,2023-04-21,0,1
918,Arquitectos de soluciones azure - desarrollo de software,Remoto,0,2023-03-08,2023-04-07,4,1
919,A-522023 profesional de desarrollo de software,Bogotá,0,2023-04-03,2023-05-03,1,1
920,Desarrollador de software  goland - ciudades,Remoto,Salario a convenir,2023-03-09,2023-04-08,4,1
921,Ingeniero de requerimientos - desarrollo de software,Remoto,0,2023-03-13,2023-04-12,2,1
922,Desarrollador de software oracle apex,Bogotá,Salario a convenir,2023-03-09,2023-04-08,2,1
923,Desarrolladores   de software react - larabel,Remoto,Salario a convenir,2023-04-03,2023-05-03,2,1
924,Desarrollador de software .net,Remoto,Salario a convenir,2023-03-23,2023-04-22,2,1
925,Desarrollador de software- python,Remoto,Salario a convenir,2023-03-14,2023-04-13,2,1
926,Desarrollador de software junior,Bogotá,0,2023-03-21,2023-04-20,0,1
927,Ingeniero en sistemas-arquitectura de software,Medellín,0,2023-03-13,2023-04-12,3,1
928,Aprendices sena desarrollo de software,Bogotá,0,2023-03-27,2023-04-26,0,1
929,Aprendices sena desarrollo de software,Bogotá,0,2023-04-03,2023-05-03,0,1
930,Desarrollador de software junior,Bogotá,0,2023-03-21,2023-04-20,1,1
931,Ingeniero de desarrollo de software,Bogotá,0,2023-03-30,2023-04-21,2,1
932,Ingeniero de desarrollo de software,Bogotá,0,2023-04-05,2023-05-05,3,1
933,Desarrollador de software - medellín,Cali,0,2023-03-16,2023-04-15,1,1
934,Ingeniero de desarrollo de software,Bogotá,0,2023-04-05,2023-05-05,2,1
935,Desarrollador de software,Sibaté,0,2023-03-06,2023-05-05,3,1
936,Desarrollador de software,Remoto,0,2023-03-28,2023-04-27,4,1
937,Desarrollador de software,Bogotá,0,2023-03-31,2023-04-30,2,1
938,Desarrollador  de software,Bogotá,0,2023-03-10,2023-04-09,2,1
939,Desarrollador  de software,Bogotá,0,2023-03-17,2023-04-16,2,1
940,Técnico en desarrollo de software.,Barranquilla,Salario a convenir,2023-03-11,2023-04-10,2,1
941,Desarrollador de software,Remoto,Salario a convenir,2023-03-31,2023-04-30,1,1
942,Desarrolladores   de software,Remoto,0,2023-03-18,2023-04-17,2,1
943,Desarrollador  de software,Bogotá,0,2023-03-24,2023-04-23,2,1
944,Desarrollador  de software,Bogotá,0,2023-03-31,2023-04-30,2,1
945,Desarrollador  de software,Bogotá,0,2023-04-05,2023-05-05,2,1
946,Desarrollador de software,Bogotá,0,2023-03-28,2023-04-27,3,1
947,Desarrollador de software,Bogotá,0,2023-03-15,2023-04-14,3,1
948,Desarrollador de software,Cartagena,Salario a convenir,2023-03-21,2023-04-20,1,1
949,Desarrollador de software,Remoto,0,2023-03-29,2023-04-28,2,1
950,Desarrollador de software - yumbo,Cali,0,2023-03-21,2023-04-20,2,1
951,Desarrollador de software,Bogotá,0,2023-03-16,2023-04-15,2,1
952,Desarrollador de software,Remoto,Salario a convenir,2023-03-29,2023-06-27,5,1
953,Ingeniero en sistemas,Bogotá,Salario a convenir,2023-02-09,2023-04-10,5,1
954,Ingeniero en sistemas,Bogotá,Salario a convenir,2023-03-07,2023-04-06,5,1
955,Ingeniero en sistemas,Bogotá,Salario a convenir,2023-03-09,2023-04-08,5,1
956,Ingeniero en sistemas,Bogotá,Salario a convenir,2023-03-13,2023-04-12,5,1
957,Ingeniero en sistemas,Bogotá,Salario a convenir,2023-03-16,2023-04-15,5,1
958,Ingeniero en sistemas,Bogotá,Salario a convenir,2023-03-24,2023-04-23,5,1
959,Ingeniero en sistemas,Bogotá,Salario a convenir,2023-03-29,2023-04-28,5,1
